trackName,lyric_line,lyric_full
免死金牌,"['多少年後過的挺壞', '多少欠了沒還的愛', '多少人呢 有開始 沒後來', '所有扛不住的我來', '扮給外人看的 左胡鬧 右瞎掰', '可以 我摸摸鼻子 我滾開', '快給我救命的免死金牌', '對抗這蠻橫的該死未來', '快樂的痛 不想當孤單廢物去忍耐', '忘記了身分的免死金牌', '身受重傷的我人畜無害', '大雨和悶酒 不含淚才奇怪', '所以陰天湊在窗外', '看著我的鬍渣 真嘆氣 假釋懷', '多虧我還持有免死金牌', '連這種瘋狂都自己去挨', '放棄了身上的免死金牌', '如同中槍太久心也停擺', '答應妳分手 不對也不意外', '多虧我還持有免死金牌', '連這種瘋狂都自己去挨', '放棄了身上的免死金牌', '如同中槍太久心也停擺', '要命的自由 不完美的悲哀']",多少年後過的挺壞多少欠了沒還的愛多少人呢有開始沒後來所有扛不住的我來扮給外人看的左胡鬧右瞎掰可以我摸摸鼻子我滾開快給我救命的免死金牌對抗這蠻橫的該死未來快樂的痛不想當孤單廢物去忍耐忘記了身分的免死金牌身受重傷的我人畜無害大雨和悶酒不含淚才奇怪所以陰天湊在窗外看著我的鬍渣真嘆氣假釋懷多虧我還持有免死金牌連這種瘋狂都自己去挨放棄了身上的免死金牌如同中槍太久心也停擺答應妳分手不對也不意外多虧我還持有免死金牌連這種瘋狂都自己去挨放棄了身上的免死金牌如同中槍太久心也停擺要命的自由不完美的悲哀
修羅,"['活在煉獄的修羅 準備好解開了枷鎖', '根本沒在躲 沒你想像那麼壞 也沒你想像那麼好', '為何卻要被無知風向上了銬', '任何時間 任何一天 早就厭倦', '曾經站在高處 也在山下打滾無數', '在深淵感到無助 看清所有骯髒事物', '看看我這廢物 撥開眼前迷霧', '小人物也可以站得住 開拓自己的路', '不解釋 不代表 就要被定罪']",活在煉獄的修羅準備好解開了枷鎖根本沒在躲沒你想像那麼壞也沒你想像那麼好為何卻要被無知風向上了銬任何時間任何一天早就厭倦曾經站在高處也在山下打滾無數在深淵感到無助看清所有骯髒事物看看我這廢物撥開眼前迷霧小人物也可以站得住開拓自己的路不解釋不代表就要被定罪
TRAP GAME,"['叢林的玫瑰 誘人帶著殺傷力', '偽裝成鬼魅 著迷又有點神秘', '隱藏好你的行蹤', '別曝露你的懦弱', '眼前的獵物我蓄勢待發', '敏銳直覺無限放大', '隱藏好你的行蹤', '別曝露你的懦弱', '眼前的獵物我蓄勢待發', '敏銳直覺無限放大', '當獅子開始發號施令', '別來干擾我的決定', '隱藏好你的行蹤', '別曝露你的懦弱', '眼前的獵物我蓄勢待發', '敏銳直覺無限放大']",叢林的玫瑰誘人帶著殺傷力偽裝成鬼魅著迷又有點神秘隱藏好你的行蹤別曝露你的懦弱眼前的獵物我蓄勢待發敏銳直覺無限放大隱藏好你的行蹤別曝露你的懦弱眼前的獵物我蓄勢待發敏銳直覺無限放大當獅子開始發號施令別來干擾我的決定隱藏好你的行蹤別曝露你的懦弱眼前的獵物我蓄勢待發敏銳直覺無限放大
帥一個,"['今天有幾間媒體全部出來面對', '還有幾個會議想要把時間拖累', '下個通告路上又被人群給包圍', '光聽快門聲就分辨是哪台單眼', '帥一個帥一個帥一個帥一個', '每個動作', '下一個下一個下一個下一個', '隨你捕捉', '一個打十個不足以形容我的意念', '帥在每個細節根本不分日夜', '街道冷清的時刻下榻飯店', '又必須單獨面對陌生新的房間', '忘了疲倦我已走遍了整個世界', '擁有了越多就非得要這個樣', '要 帥一個', '帥一個 新的裝備跟不上我進度', '帥一個 全身上下都是焦點被人追逐', '帥一個 解開束縛無視既定的套路', '帥一個 二十四小時保持全神貫注', '帥一個帥一個帥一個帥一個', '笑一個笑一個笑一個笑一個', '開著跑車慢速慢慢經過你的面前', '要你知道我撐了幾年才有今天']",今天有幾間媒體全部出來面對還有幾個會議想要把時間拖累下個通告路上又被人群給包圍光聽快門聲就分辨是哪台單眼帥一個帥一個帥一個帥一個每個動作下一個下一個下一個下一個隨你捕捉一個打十個不足以形容我的意念帥在每個細節根本不分日夜街道冷清的時刻下榻飯店又必須單獨面對陌生新的房間忘了疲倦我已走遍了整個世界擁有了越多就非得要這個樣要帥一個帥一個新的裝備跟不上我進度帥一個全身上下都是焦點被人追逐帥一個解開束縛無視既定的套路帥一個二十四小時保持全神貫注帥一個帥一個帥一個帥一個笑一個笑一個笑一個笑一個開著跑車慢速慢慢經過你的面前要你知道我撐了幾年才有今天
不逃,"['感到失落 深怕再次敗退', '不想下陷 必須跳躍', '巴掌打響 那些不實謠言', '當你獨大 獨步像是武當', '就算輸怕  或被辱罵', '反轉輸家 逆風局將觸發', '太多威脅 一路上迎面了多少危險', '就算傷口滴著血', '這過程我背著水  背著累  背著罪', '太多威脅 一路上迎面了多少危險', '有些場景 不敢想起 恐懼勸你退', '大浪想將我乘走 這活我幹的上手', '正如你期待 船的軌跡早已渡過', '當你獨大 獨步像是武當', '就算輸怕  或是辱罵', '反轉輸家 逆風局將觸發', '太多威脅 一路上迎面了多少危險', '就算傷口滴著血', '這過程我背著水  背著累  背著罪', '太多威脅 一路上迎面了多少危險']",感到失落深怕再次敗退不想下陷必須跳躍巴掌打響那些不實謠言當你獨大獨步像是武當就算輸怕或被辱罵反轉輸家逆風局將觸發太多威脅一路上迎面了多少危險就算傷口滴著血這過程我背著水背著累背著罪太多威脅一路上迎面了多少危險有些場景不敢想起恐懼勸你退大浪想將我乘走這活我幹的上手正如你期待船的軌跡早已渡過當你獨大獨步像是武當就算輸怕或是辱罵反轉輸家逆風局將觸發太多威脅一路上迎面了多少危險就算傷口滴著血這過程我背著水背著累背著罪太多威脅一路上迎面了多少危險
Birthday,"['不在乎極限 炫付出一切', '不在乎極限 炫付出一切', '今夜點燃燭光讓我和你對口吹', '讓我能感受到你對我撕心裂肺', '今天主角是誰 廢話 是我 出力 出力', '屋頂熱的火辣 不會太早回家', '不在乎極限 炫付出一切', '不在乎極限 炫付出一切', '不要再問我累不累', '香檳煙火噴柱 來敲杯']",不在乎極限炫付出一切不在乎極限炫付出一切今夜點燃燭光讓我和你對口吹讓我能感受到你對我撕心裂肺今天主角是誰廢話是我出力出力屋頂熱的火辣不會太早回家不在乎極限炫付出一切不在乎極限炫付出一切不要再問我累不累香檳煙火噴柱來敲杯
羅志祥,"['留了個微笑快遞給我', '把我帶進空前的傳說', '你就像一顆流星墜落', '內心的平靜驚出蓬勃', '泛起的漣漪赴湯蹈火', '可你卻不食人間煙火', '這個世界 究竟誰會愛我', '剛好是你的話 就再也不用為愛奔波', '我只想和你 唱最動人的歌曲', '我只想為你 心碎卻如此著迷', '我只想和你 在柔軟海灘散步', '留下排的很長很長的腳印', '我只想和你 傾聽綻放的聲音', '我只想和你 在最美的年華相遇', '哪怕是虛度光陰 就算與時間為敵', '與世界背離 一起向時光盡頭燃盡', '泛起的漣漪赴湯蹈火', '可你卻不食人間煙火', '這個世界 究竟誰會愛我', '剛好是你的話 就再也不用為愛奔波', '我只想和你 唱最動人的歌曲', '我只想為你 心碎卻如此著迷', '我只想和你 在柔軟的海灘散步', '留下排的很長很長的腳印', '我只想和你 傾聽綻放的聲音', '我只想和你 在最美的年華相遇', '哪怕是虛度光陰 就算與時間為敵', '與世界背離 一起向時光盡頭燃盡', '我只想和你 唱最動人的歌曲', '我只想為你 心碎卻如此著迷', '我只想和你 在柔軟的海灘散步', '留下排的很長很長的腳印', '我只想和你 傾聽綻放的聲音', '我只想和你 在最美的年華相遇', '哪怕是虛度光陰 就算與時間為敵', '與世界背離 一起向時光盡頭燃盡']",留了個微笑快遞給我把我帶進空前的傳說你就像一顆流星墜落內心的平靜驚出蓬勃泛起的漣漪赴湯蹈火可你卻不食人間煙火這個世界究竟誰會愛我剛好是你的話就再也不用為愛奔波我只想和你唱最動人的歌曲我只想為你心碎卻如此著迷我只想和你在柔軟海灘散步留下排的很長很長的腳印我只想和你傾聽綻放的聲音我只想和你在最美的年華相遇哪怕是虛度光陰就算與時間為敵與世界背離一起向時光盡頭燃盡泛起的漣漪赴湯蹈火可你卻不食人間煙火這個世界究竟誰會愛我剛好是你的話就再也不用為愛奔波我只想和你唱最動人的歌曲我只想為你心碎卻如此著迷我只想和你在柔軟的海灘散步留下排的很長很長的腳印我只想和你傾聽綻放的聲音我只想和你在最美的年華相遇哪怕是虛度光陰就算與時間為敵與世界背離一起向時光盡頭燃盡我只想和你唱最動人的歌曲我只想為你心碎卻如此著迷我只想和你在柔軟的海灘散步留下排的很長很長的腳印我只想和你傾聽綻放的聲音我只想和你在最美的年華相遇哪怕是虛度光陰就算與時間為敵與世界背離一起向時光盡頭燃盡
No Love,"['笑得很自然的表情 是你最致命的武器', '你做得完全不費吹灰之力', '說愛情最好是遊戲 太認真你嫌太無趣', '敢不敢陪你就當玩玩而已', '我們在一起 不在一起', '不能太在意 最後結局', '我失去抵抗的能力 就算愛你是咎由自取', '我沒辦法更加清醒 就算很可能傷害自己', '越想從你的身邊抽離 越發現愛得身不由己', '你習慣躺在我懷裡 然後承認另有目的', '我卻不介意 下次靠近 反而抱得更緊', '我們在一起 不在一起', '不能太在意 最後結局', '我失去抵抗的能力 就算愛你是咎由自取', '我沒辦法更加清醒 就算很可能傷害自己', '沒有結果的算不算愛情', '沒有愛情的算不算曾經', '面對你就無能為力 我的愛讓你不問自取', '我知道不能放縱你 卻說服不了身體力行', '越想把一切當作遊戲 越發現愛得太過沉迷']",笑得很自然的表情是你最致命的武器你做得完全不費吹灰之力說愛情最好是遊戲太認真你嫌太無趣敢不敢陪你就當玩玩而已我們在一起不在一起不能太在意最後結局我失去抵抗的能力就算愛你是咎由自取我沒辦法更加清醒就算很可能傷害自己越想從你的身邊抽離越發現愛得身不由己你習慣躺在我懷裡然後承認另有目的我卻不介意下次靠近反而抱得更緊我們在一起不在一起不能太在意最後結局我失去抵抗的能力就算愛你是咎由自取我沒辦法更加清醒就算很可能傷害自己沒有結果的算不算愛情沒有愛情的算不算曾經面對你就無能為力我的愛讓你不問自取我知道不能放縱你卻說服不了身體力行越想把一切當作遊戲越發現愛得太過沉迷
NO JOKE,"['我言語不打太極', '案例多的不勝枚舉', '突襲 前進', '招集 著力', '必須走起立竿見影', '虛無 泡影 絕不成立', '不樹敵 沈住氣 成助力', '到處收集消息不是為了', '不在意不搖頭 並不表示 這是真的可以']",我言語不打太極案例多的不勝枚舉突襲前進招集著力必須走起立竿見影虛無泡影絕不成立不樹敵沈住氣成助力到處收集消息不是為了不在意不搖頭並不表示這是真的可以
男人的事(& 黃渤 & 王迅 & 黃磊 & 張藝興 & 孫紅雷),"['成人的世界', '難免偶爾讓人不耐煩', '沒事找事', '黃渤:也得折騰出來點波瀾', '這世界難我卻從未黯淡', '每個男人都要懂得承擔', '天空海闊', '我們抬頭並肩往前走', '你若要我兄弟為難', '我就跟你沒完', '這世界難我卻並不孤單', '有你們在沒有什麼難辦', '我不怕苦', '也永遠不會說後悔', '只要我們在一塊兒', '沒有什麼過不去的坎兒', '過不去的坎兒', '三十以前 日子很難', '可不是嘛', '我年輕能幹 但存款零蛋', '活該呀', '長得賊好看 沒戀愛可談', '十年以後能不能 呵 腰纏萬貫', '三十以後 日子更難 哎呀', '老婆 單位 像兩座大山', '你說說 房子車子 全都是負擔', '怪我咯', '忍辱負重 低頭把活幹', '再努力', '成人的世界', '難免偶爾讓人不耐煩', '沒事找事', '也得折騰出來點波瀾', '一起來', '這世界難我卻從未黯淡', '每個男人都要懂得承擔', '天空海闊', '我們抬頭並肩往前走', '你若要我兄弟為難', '我就跟你沒完', '這世界難我卻並不孤單', '有你們在沒有什麼難辦', '我不怕苦', '也永遠不會說後悔', '只要我們在一塊兒', '沒有什麼過不去的坎兒', '這世界難我卻從未黯淡', '每個男人都要懂得承擔', '天空海闊', '我們抬頭並肩往前走', '你若要我兄弟為難', '我就跟你沒完', '這世界難我卻並不孤單', '有你們在', '沒有什麼難辦', '我不怕苦', '也永遠不會說後悔', '只要我們在一塊兒', '沒有什麼過不去的坎兒', '過不去的坎兒', '世上的事有什麼難', '世上的事沒什麼難', '世上的事有什麼難', '這就是命']",成人的世界難免偶爾讓人不耐煩沒事找事黃渤:也得折騰出來點波瀾這世界難我卻從未黯淡每個男人都要懂得承擔天空海闊我們抬頭並肩往前走你若要我兄弟為難我就跟你沒完這世界難我卻並不孤單有你們在沒有什麼難辦我不怕苦也永遠不會說後悔只要我們在一塊兒沒有什麼過不去的坎兒過不去的坎兒三十以前日子很難可不是嘛我年輕能幹但存款零蛋活該呀長得賊好看沒戀愛可談十年以後能不能呵腰纏萬貫三十以後日子更難哎呀老婆單位像兩座大山你說說房子車子全都是負擔怪我咯忍辱負重低頭把活幹再努力成人的世界難免偶爾讓人不耐煩沒事找事也得折騰出來點波瀾一起來這世界難我卻從未黯淡每個男人都要懂得承擔天空海闊我們抬頭並肩往前走你若要我兄弟為難我就跟你沒完這世界難我卻並不孤單有你們在沒有什麼難辦我不怕苦也永遠不會說後悔只要我們在一塊兒沒有什麼過不去的坎兒這世界難我卻從未黯淡每個男人都要懂得承擔天空海闊我們抬頭並肩往前走你若要我兄弟為難我就跟你沒完這世界難我卻並不孤單有你們在沒有什麼難辦我不怕苦也永遠不會說後悔只要我們在一塊兒沒有什麼過不去的坎兒過不去的坎兒世上的事有什麼難世上的事沒什麼難世上的事有什麼難這就是命
夠了,"['很多嘴天天都塞滿砲火', '製造紛亂當幽默', '只是看圖想太多', '雞蛋挑骨頭', '誰又 愛無中生有', '聽說 再推給夢遊', '你 瞎啦 醉啦 扯吧 奇葩', '吧啦吧啦吧啦吧啦你不累嗎', '時間沒有那麼多 怎麼你都沒事做', '以前明嗆容易躲 現在按鍵難捉摸', '夠了', '像是 你在我身邊下的毒', '不去 管誰咆哮我的態度', '夠了', '什麼態度 難相處', '只會用嘴劍劃幸福', '下什麼蠱', '跟著人盲目 吃土 糊塗 下肚', '現在 開始 倒數', '讓你 心服 口服', '嗆 真人秀 哪些真 哪些胡說', '是觀眾也是兇手', '煙硝味抵著我已讀不悔', '休想用規則逼著我下跪', '把我擊碎往下墜', '我還可以重新起飛', '現在你該煩惱如何下筆', '兩種持著相同道理同時深陷這問題', '謝謝你/妳', '別讓愛褪色 別對恨飢渴', '似是而非只是一線之隔', '夠了', '像是 你在我身邊下的毒', '不去 管誰咆哮我的態度', '夠了']",很多嘴天天都塞滿砲火製造紛亂當幽默只是看圖想太多雞蛋挑骨頭誰又愛無中生有聽說再推給夢遊你瞎啦醉啦扯吧奇葩吧啦吧啦吧啦吧啦你不累嗎時間沒有那麼多怎麼你都沒事做以前明嗆容易躲現在按鍵難捉摸夠了像是你在我身邊下的毒不去管誰咆哮我的態度夠了什麼態度難相處只會用嘴劍劃幸福下什麼蠱跟著人盲目吃土糊塗下肚現在開始倒數讓你心服口服嗆真人秀哪些真哪些胡說是觀眾也是兇手煙硝味抵著我已讀不悔休想用規則逼著我下跪把我擊碎往下墜我還可以重新起飛現在你該煩惱如何下筆兩種持著相同道理同時深陷這問題謝謝你/妳別讓愛褪色別對恨飢渴似是而非只是一線之隔夠了像是你在我身邊下的毒不去管誰咆哮我的態度夠了
無聲的失控,"['原來妳對我的愛是謊 愛是謊 殘酷的謊', '原來妳早就在他身旁 原來妳一直在隱藏', '妳的表情太無害 他的劇本太精彩 是我自己太失敗', '妳的背影已離開 我的故事已崩壞 關了燈出局淘汰', '我好想愛妳 卻愛不到 我好想忘記 卻忘不掉', '我好想恨妳 卻恨不了 愛變成最烈的毒藥', '我多痛沒有人懂', '悲傷啃食我臉孔 不敢拉住你回頭', '無聲的失控 痛了又痛', '多痛 沒有人懂', '好多情緒在暴動 孤獨到快要發瘋', '原來說好的都被遺忘 被遺忘 輕易的忘', '原來心變了防不勝防 原來我白愛了一場', '妳的表情太無害 他的劇本太精彩 是我自己太失敗', '妳的背影已離開 我的故事已崩壞 關了燈出局淘汰', '我好想愛妳 卻愛不到 我好想忘記 卻忘不掉', '我好想恨妳 卻恨不了 愛變成最烈的毒藥', '我多痛沒有人懂', '好多情緒在暴動 孤獨到快要發瘋', '我好想愛妳 卻愛不到', '我好想恨妳 卻恨不了', '愛變成最烈的毒藥', '一幕一幕的愛 割著回憶 刺著腦海', '悲哀 多希望妳會感概', '一切都已回不來', '我多痛沒有人懂', '我的悲傷啃食我臉孔 不敢拉住你回頭', '無聲的失控 痛了又痛', '多痛 沒有人懂', '好多情緒在暴動 孤獨到快要發瘋', '我好想愛妳 卻愛不到', '我好想忘記 卻忘不掉']",原來妳對我的愛是謊愛是謊殘酷的謊原來妳早就在他身旁原來妳一直在隱藏妳的表情太無害他的劇本太精彩是我自己太失敗妳的背影已離開我的故事已崩壞關了燈出局淘汰我好想愛妳卻愛不到我好想忘記卻忘不掉我好想恨妳卻恨不了愛變成最烈的毒藥我多痛沒有人懂悲傷啃食我臉孔不敢拉住你回頭無聲的失控痛了又痛多痛沒有人懂好多情緒在暴動孤獨到快要發瘋原來說好的都被遺忘被遺忘輕易的忘原來心變了防不勝防原來我白愛了一場妳的表情太無害他的劇本太精彩是我自己太失敗妳的背影已離開我的故事已崩壞關了燈出局淘汰我好想愛妳卻愛不到我好想忘記卻忘不掉我好想恨妳卻恨不了愛變成最烈的毒藥我多痛沒有人懂好多情緒在暴動孤獨到快要發瘋我好想愛妳卻愛不到我好想恨妳卻恨不了愛變成最烈的毒藥一幕一幕的愛割著回憶刺著腦海悲哀多希望妳會感概一切都已回不來我多痛沒有人懂我的悲傷啃食我臉孔不敢拉住你回頭無聲的失控痛了又痛多痛沒有人懂好多情緒在暴動孤獨到快要發瘋我好想愛妳卻愛不到我好想忘記卻忘不掉
致命傷,"['想 一起編織的夢想', '越想 胸口就越像被人用針 狠狠的扎', '才說地久天長 突然連夜逃亡', '傻 所以什麼都不怕', '好傻 驕傲的我們互不退讓', '從沒想過 會落得兩敗俱傷的下場', '學鋼鐵倔強 卻有致命傷', '我沒辦法 不去管 不去想 你失望眼光', '再拚一場 轟轟烈烈再陣亡', '總好過你不在我身旁', '我沒那麼強 你是致命傷', '請教教我 怎麼放 怎麼忘 扯漫天大謊', '幫我一個忙 朝我心臟開一槍', '我就有藉口 睜著眼把愛埋葬', '傻 所以什麼都不怕', '好傻 驕傲的我們互不退讓', '從沒想過 會落得兩敗俱傷的下場', '學鋼鐵倔強 卻有致命傷', '我沒辦法 不去管 不去想 你失望眼光', '再拚一場 轟轟烈烈再陣亡', '總好過你不在我身旁', '我沒那麼強 你是致命傷', '請教教我 怎麼放 怎麼忘 扯漫天大謊', '幫我一個忙 朝我心臟開一槍', '我就有藉口 睜著眼把愛埋葬', '我越掙扎 越瘋狂 越妄想 抱你在胸膛', '我犯的錯 就用一輩子賠償', '我不會奢望你能原諒', '我沒那麼強 你是致命傷', '請教教我 怎麼闖 怎麼搶 能讓你回航', '最後一個吻 當作心碎的獎賞', '我就有力量 一個人裝瘋賣傻']",想一起編織的夢想越想胸口就越像被人用針狠狠的扎才說地久天長突然連夜逃亡傻所以什麼都不怕好傻驕傲的我們互不退讓從沒想過會落得兩敗俱傷的下場學鋼鐵倔強卻有致命傷我沒辦法不去管不去想你失望眼光再拚一場轟轟烈烈再陣亡總好過你不在我身旁我沒那麼強你是致命傷請教教我怎麼放怎麼忘扯漫天大謊幫我一個忙朝我心臟開一槍我就有藉口睜著眼把愛埋葬傻所以什麼都不怕好傻驕傲的我們互不退讓從沒想過會落得兩敗俱傷的下場學鋼鐵倔強卻有致命傷我沒辦法不去管不去想你失望眼光再拚一場轟轟烈烈再陣亡總好過你不在我身旁我沒那麼強你是致命傷請教教我怎麼放怎麼忘扯漫天大謊幫我一個忙朝我心臟開一槍我就有藉口睜著眼把愛埋葬我越掙扎越瘋狂越妄想抱你在胸膛我犯的錯就用一輩子賠償我不會奢望你能原諒我沒那麼強你是致命傷請教教我怎麼闖怎麼搶能讓你回航最後一個吻當作心碎的獎賞我就有力量一個人裝瘋賣傻
幸福特調(& 秀智),"['我已無可救藥的愛上妳', '想要把全世界都給妳', '包括我懷裏最浪漫的真心', '愛你 愛你 是我所做過 最對的事情', '我可以給你一輩子的時間 讓你證明', '想陪著你變胖 陪著你變老', '用幸福特調 家的味道', '真愛的味道', '是你噓寒問暖的愛著我', '把我的話都放在心底', '喜歡你為我準備好的永遠', '包括一個溫暖的屋頂', '有一個好男人正在 等妳 說妳願意', '想陪著妳變胖 陪著妳變老', '用幸福特調 家的味道', '我的愛 是情歌 是鑽戒 是門票', '邀請妳去天荒地老', '因為你知道 怎樣對我最好', '用幸福特調 真愛的味道', '我要說我愛你', '想陪著你變胖 陪著你變老', '用幸福特調 家的味道', '想陪著你變胖 陪著你變老', '用幸福特調 家的味道', '我的愛 是情歌 是鑽戒 是門票', '邀請妳去天荒地老', '因為我知道 怎樣對你最好', '要用幸福特調 真愛的味道', '想要把全世界都給妳', '包括我懷裏最浪漫的真心', '我可以給你一輩子的時間 讓你證明', '用幸福特調 家的味道', '真愛的味道', '是你噓寒問暖的愛著我', '把我的話都放在心底', '喜歡你為我準備好的永遠', '包括一個溫暖的屋頂', '有一個好男人正在 等妳 說妳願意', '用幸福特調 家的味道', '我的愛 是情歌 是鑽戒 是門票', '邀請妳去天荒地老', '用幸福特調 真愛的味道', '用幸福特調 家的味道', '想陪著你變胖 陪著你變老', '用幸福特調 家的味道', '邀請妳去天荒地老', '因為我知道 怎樣對你最好', '要用幸福特調 真愛的味道']",我已無可救藥的愛上妳想要把全世界都給妳包括我懷裏最浪漫的真心愛你愛你是我所做過最對的事情我可以給你一輩子的時間讓你證明想陪著你變胖陪著你變老用幸福特調家的味道真愛的味道是你噓寒問暖的愛著我把我的話都放在心底喜歡你為我準備好的永遠包括一個溫暖的屋頂有一個好男人正在等妳說妳願意想陪著妳變胖陪著妳變老用幸福特調家的味道我的愛是情歌是鑽戒是門票邀請妳去天荒地老因為你知道怎樣對我最好用幸福特調真愛的味道我要說我愛你想陪著你變胖陪著你變老用幸福特調家的味道想陪著你變胖陪著你變老用幸福特調家的味道我的愛是情歌是鑽戒是門票邀請妳去天荒地老因為我知道怎樣對你最好要用幸福特調真愛的味道想要把全世界都給妳包括我懷裏最浪漫的真心我可以給你一輩子的時間讓你證明用幸福特調家的味道真愛的味道是你噓寒問暖的愛著我把我的話都放在心底喜歡你為我準備好的永遠包括一個溫暖的屋頂有一個好男人正在等妳說妳願意用幸福特調家的味道我的愛是情歌是鑽戒是門票邀請妳去天荒地老用幸福特調真愛的味道用幸福特調家的味道想陪著你變胖陪著你變老用幸福特調家的味道邀請妳去天荒地老因為我知道怎樣對你最好要用幸福特調真愛的味道
說真話的朋友,"['聽人們說時間是賊', '我們被偷走幾歲', '回頭看看 你有沒有 後悔', '想起自己多麼愚昧', '吞下了多少淚水', '誰的青春 沒有幾次 狼狽', '我們都不是 學不會擁抱的刺猬', '爭吵是因為 不懂得虛偽', '犯不著為了 小小衝突無言以對', '黑白與是非 比不上 友誼萬萬歲', '你是個說真話的朋友', '一開口就不會保留', '跟我一樣衝動 固執得不要人懂', '我有個說真話的朋友', '心裡非常富有', '頭髮斑白時候 頑石終於點頭', '變的溫柔', '聽人們說時間是賊', '我們被偷走幾歲', '回頭看看 你有沒有 後悔', '想起自己多麼愚昧', '吞下了多少淚水', '誰的青春 沒有幾次 狼狽', '我們都不是 學不會擁抱的刺猬', '爭吵是因為 不懂得虛偽', '犯不著為了 小小衝突無言以對', '黑白與是非 比不上 友誼萬萬歲', '你是個說真話的朋友', '一開口就不會保留', '跟我一樣衝動 固執得不要人懂', '我有個說真話的朋友', '心裡非常富有', '頭髮斑白時候 頑石終於點頭', '變的溫柔', '你是個說真話的朋友', '一開口就不會保留', '跟我一樣衝動 固執得不要人懂', '我有個說真話的朋友', '心裡非常富有', '頭髮斑白時候 頑石終於點頭', '變的溫柔']",聽人們說時間是賊我們被偷走幾歲回頭看看你有沒有後悔想起自己多麼愚昧吞下了多少淚水誰的青春沒有幾次狼狽我們都不是學不會擁抱的刺猬爭吵是因為不懂得虛偽犯不著為了小小衝突無言以對黑白與是非比不上友誼萬萬歲你是個說真話的朋友一開口就不會保留跟我一樣衝動固執得不要人懂我有個說真話的朋友心裡非常富有頭髮斑白時候頑石終於點頭變的溫柔聽人們說時間是賊我們被偷走幾歲回頭看看你有沒有後悔想起自己多麼愚昧吞下了多少淚水誰的青春沒有幾次狼狽我們都不是學不會擁抱的刺猬爭吵是因為不懂得虛偽犯不著為了小小衝突無言以對黑白與是非比不上友誼萬萬歲你是個說真話的朋友一開口就不會保留跟我一樣衝動固執得不要人懂我有個說真話的朋友心裡非常富有頭髮斑白時候頑石終於點頭變的溫柔你是個說真話的朋友一開口就不會保留跟我一樣衝動固執得不要人懂我有個說真話的朋友心裡非常富有頭髮斑白時候頑石終於點頭變的溫柔
從愛發落,"['沒錯 我欠你愛的債 從愛發落不用還', '溫柔崇拜 任性耍賴 值得你慷慨', '你欠我愛的債 再也離不開', '我 甜言蜜語不會說 最愛看你又出糗', '聽到你飽滿怒吼 精神多抖擻', '你 說你始終搞不懂 竟然自己不識貨', '天下男人那麼多 偏偏選中我', '誰最需要我 不解釋', '誰最想念我 不掩飾', '撒嬌耍賴 對愛多固執', '誰最怕寂寞 不解釋', '傻的是 一輩子 用來比賽誰比誰幼稚', '沒錯 我欠你愛的債 從愛發落不用還', '溫柔崇拜 任性耍賴 值得你慷慨', '你欠我愛的債 再也離不開', '你 就衝著我發脾氣 趕走眉頭的烏雲', ""傳家的開門家訓 要一起 '開熏'"", '我 就是人太好才會 鍛練你變得機靈', '彷彿擁有超能力 誰打得倒你', '我最需要誰 不解釋', '我最想念誰 不掩飾', '灑脫是我 生存的方式', '我最愛什麼 不解釋', '傻的是 一輩子 用來爭相同的一件事', '沒錯 我欠你愛的債 從愛發落不用還', '溫柔崇拜 任性耍賴 值得你慷慨', '你欠我愛的債 再也離不開', '活該 你欠我愛的債 從愛發落不用還', '眼淚太酸 寂寞太壞 怪我太浪漫', '我欠你愛的債 再也離不開']",沒錯我欠你愛的債從愛發落不用還溫柔崇拜任性耍賴值得你慷慨你欠我愛的債再也離不開我甜言蜜語不會說最愛看你又出糗聽到你飽滿怒吼精神多抖擻你說你始終搞不懂竟然自己不識貨天下男人那麼多偏偏選中我誰最需要我不解釋誰最想念我不掩飾撒嬌耍賴對愛多固執誰最怕寂寞不解釋傻的是一輩子用來比賽誰比誰幼稚沒錯我欠你愛的債從愛發落不用還溫柔崇拜任性耍賴值得你慷慨你欠我愛的債再也離不開你就衝著我發脾氣趕走眉頭的烏雲傳家的開門家訓要一起'開熏'我就是人太好才會鍛練你變得機靈彷彿擁有超能力誰打得倒你我最需要誰不解釋我最想念誰不掩飾灑脫是我生存的方式我最愛什麼不解釋傻的是一輩子用來爭相同的一件事沒錯我欠你愛的債從愛發落不用還溫柔崇拜任性耍賴值得你慷慨你欠我愛的債再也離不開活該你欠我愛的債從愛發落不用還眼淚太酸寂寞太壞怪我太浪漫我欠你愛的債再也離不開
Bad Girl,"['鋪天蓋地的線索  缺關鍵的拼湊', '是愛還是陷阱  解惑卻被捕獲', '你是冰山或艷火  我替你都反駁', '冰敷我舊傷口  重新點燃溫柔', '帶我奔向高空  享受瞬間的墜落', '用冷與熱的交鋒  激活愛對流', '你笑容越無邪  理智就越失控', '每根神經被你  拴緊後再挑動', '你給我寂寞和自由  你給我快樂和心痛  痛  痛', '我做你聽話的野獸  咬緊你再也不肯走  走  走', '誘人犯罪衝動', '打從心底馴服我', '磨練我  進化我', '摸透我  解放我', '做你  聽話的野獸', '磨練我  擁抱我', '摸透我  感受我', '肆無忌憚地縱容  那是我的光榮', '我們互相包容  讓心跳震耳欲聾', '越難掌握越琢磨  越想ㄍㄧㄥ到結果', '就越沒有藉口  不為你建造王國']",鋪天蓋地的線索缺關鍵的拼湊是愛還是陷阱解惑卻被捕獲你是冰山或艷火我替你都反駁冰敷我舊傷口重新點燃溫柔帶我奔向高空享受瞬間的墜落用冷與熱的交鋒激活愛對流你笑容越無邪理智就越失控每根神經被你拴緊後再挑動你給我寂寞和自由你給我快樂和心痛痛痛我做你聽話的野獸咬緊你再也不肯走走走誘人犯罪衝動打從心底馴服我磨練我進化我摸透我解放我做你聽話的野獸磨練我擁抱我摸透我感受我肆無忌憚地縱容那是我的光榮我們互相包容讓心跳震耳欲聾越難掌握越琢磨越想ㄍㄧㄥ到結果就越沒有藉口不為你建造王國
從愛發落,"['電視劇 深圳合租記 片頭曲', '沒錯 我欠你愛的債 從愛發落不用還', '溫柔崇拜 任性耍賴 值得你慷慨', '你欠我愛的債 再也離不開', '我 甜言蜜語不會說 最愛看你又出糗', '聽到你飽滿怒吼 精神多抖擻', '你 說你始終搞不懂 竟然自己不識貨', '天下男人那麼多 偏偏選中我', '誰最需要我 不解釋', '誰最想念我 不掩飾', '撒嬌耍賴 對愛多固執', '誰最怕寂寞 不解釋', '傻的是 一輩子 用來比賽誰比誰幼稚', '沒錯 我欠你愛的債 從愛發落不用還', '溫柔崇拜 任性耍賴 值得你慷慨', '你欠我愛的債 再也離不開', '你 就衝著我發脾氣 趕走眉頭的烏雲', ""傳家的開門家訓 要一起 '開熏'"", '我 就是人太好才會 鍛練你變得機靈', '彷彿擁有超能力 誰打得倒你', '我最需要誰 不解釋', '我最想念誰 不掩飾', '灑脫是我 生存的方式', '我最愛什麼 不解釋', '傻的是 一輩子 用來爭相同的一件事', '沒錯 我欠你愛的債 從愛發落不用還', '溫柔崇拜 任性耍賴 值得你慷慨', '你欠我愛的債 再也離不開', '活該 你欠我愛的債 從愛發落不用還', '眼淚太酸 寂寞太壞 怪我太浪漫', '我欠你愛的債 再也離不開']",電視劇深圳合租記片頭曲沒錯我欠你愛的債從愛發落不用還溫柔崇拜任性耍賴值得你慷慨你欠我愛的債再也離不開我甜言蜜語不會說最愛看你又出糗聽到你飽滿怒吼精神多抖擻你說你始終搞不懂竟然自己不識貨天下男人那麼多偏偏選中我誰最需要我不解釋誰最想念我不掩飾撒嬌耍賴對愛多固執誰最怕寂寞不解釋傻的是一輩子用來比賽誰比誰幼稚沒錯我欠你愛的債從愛發落不用還溫柔崇拜任性耍賴值得你慷慨你欠我愛的債再也離不開你就衝著我發脾氣趕走眉頭的烏雲傳家的開門家訓要一起'開熏'我就是人太好才會鍛練你變得機靈彷彿擁有超能力誰打得倒你我最需要誰不解釋我最想念誰不掩飾灑脫是我生存的方式我最愛什麼不解釋傻的是一輩子用來爭相同的一件事沒錯我欠你愛的債從愛發落不用還溫柔崇拜任性耍賴值得你慷慨你欠我愛的債再也離不開活該你欠我愛的債從愛發落不用還眼淚太酸寂寞太壞怪我太浪漫我欠你愛的債再也離不開
Fantasy,"['全てを超えて 世界が止まる', '一瞬の間 君の長いまつげが', '鼓動が 燃え出す', '唇 魅力がたまらなく', '僕を刺激する', '僕を刺激する', '放さない! 君をもう', '鼓動が 燃え出す', '唇 魅力がたまらなく', '僕を刺激する', '僕を刺激する', '気付かない内 君にハマってくだんだん', '愛しすぎてどうしようもないと', '鼓動が 燃え出す', '唇 魅力がたまらなく', '僕を刺激する', '僕を刺激する']",全てを超えて世界が止まる一瞬の間君の長いまつげが鼓動が燃え出す唇魅力がたまらなく僕を刺激する僕を刺激する放さない!君をもう鼓動が燃え出す唇魅力がたまらなく僕を刺激する僕を刺激する気付かない内君にハマってくだんだん愛しすぎてどうしようもないと鼓動が燃え出す唇魅力がたまらなく僕を刺激する僕を刺激する
愛投羅網,"['故事從妳跟我擦身而過那一刻 就開啟了 沒有退縮', '妳的眼神想透露些什麼卻又像 欲擒故縱 我期待著', '穿過了人群全世界瞬間靜止 不動', '妳盯著我超長的睫毛阻擋了 電流', '我的呼吸 傳遞一波波的熱情 像暴風般逼近', '妳的嘴型 充滿致命的吸引力 對我強烈電擊', '對我強烈電擊 對我強烈電擊 對我強烈電擊 對我強烈電擊', '愛太閃就戴墨鏡', '故事從妳跟我擦身而過那一刻 就開啟了 沒有退縮', '妳的眼神想透露些什麼卻又像 欲擒故縱 我期待著', '穿過了人群全世界瞬間靜止 不動', '妳盯著我超長的睫毛阻擋了 電流', '我的呼吸 傳遞一波波的熱情 像暴風般逼近', '妳的嘴型 充滿致命的吸引力 對我強烈電擊', '對我強烈電擊 對我強烈電擊 對我強烈電擊 對我強烈電擊', '交出妳性感武器', '找了蠱 下了毒 對妳還要一點不經意的照顧', '挖洞 等妳不經意的掉入 321我倒數', '妳的眼睛充滿了電力 一個眨眼就讓我滅頂', '我不擔心 對妳著迷 只怕妳對我的愛上癮', '我的呼吸 傳遞一波波的熱情 像暴風般逼近', '妳的嘴型 充滿致命的吸引力 對我強烈電擊', '對我強烈電擊 對我強烈電擊 對我強烈電擊 對我強烈電擊', '愛投羅網鎖定你', '發動浪漫總攻擊', '交出你性感武器']",故事從妳跟我擦身而過那一刻就開啟了沒有退縮妳的眼神想透露些什麼卻又像欲擒故縱我期待著穿過了人群全世界瞬間靜止不動妳盯著我超長的睫毛阻擋了電流我的呼吸傳遞一波波的熱情像暴風般逼近妳的嘴型充滿致命的吸引力對我強烈電擊對我強烈電擊對我強烈電擊對我強烈電擊對我強烈電擊愛太閃就戴墨鏡故事從妳跟我擦身而過那一刻就開啟了沒有退縮妳的眼神想透露些什麼卻又像欲擒故縱我期待著穿過了人群全世界瞬間靜止不動妳盯著我超長的睫毛阻擋了電流我的呼吸傳遞一波波的熱情像暴風般逼近妳的嘴型充滿致命的吸引力對我強烈電擊對我強烈電擊對我強烈電擊對我強烈電擊對我強烈電擊交出妳性感武器找了蠱下了毒對妳還要一點不經意的照顧挖洞等妳不經意的掉入321我倒數妳的眼睛充滿了電力一個眨眼就讓我滅頂我不擔心對妳著迷只怕妳對我的愛上癮我的呼吸傳遞一波波的熱情像暴風般逼近妳的嘴型充滿致命的吸引力對我強烈電擊對我強烈電擊對我強烈電擊對我強烈電擊對我強烈電擊愛投羅網鎖定你發動浪漫總攻擊交出你性感武器
愛騙我,"['久違的陽光讓我們相約在巷口', '以為會讓愛暖和 心卻像寒冬', '因為你 看著我 瞳孔裡卻不是我', '你的謊言不斷割傷我的雙手', '讓我無法再次擁抱你入我懷中', '痛很深 傷很重 我的自尊已失蹤', '別再說你有多愛我', '不要再言不由衷 編織的理由', '不要再讓愛 騙我', '我真的沒有 (我不習慣喊痛)', '我真的沒有 (沉默不是縱容)', '承諾從沒讓我因你欺騙而退縮', '但天知道轉過身我的心在顫抖', '盲目的愛到最後終究自作自受', '我不再幻想當你膩了自由以後', '你的夜晚太美麗也不專屬於我', '愛累了 不做夢 我的傷口已斑駁', '別再說你有多愛我', '不要再言不由衷 編織的理由', '不要再讓愛 騙我', '我真的沒有 (我不習慣喊痛)', '我真的沒有 (沉默不是縱容)', '承認吧 我們的頻率不同 不要將錯就錯', '反覆著互相折磨 抱著我 想的卻不是我', '別再讓疑問變成反諷', '還不如 擁有各自天空', '算了吧 就讓我走', '不想 再為了 你害怕寂寞', '我看著鏡子裡的我卻沒有笑容', '為什麼又是我一個人繼續傷心淚流', '對我的甜言蜜語是否也對他一樣的動作', '你走吧 我不想為你傷心難過']",久違的陽光讓我們相約在巷口以為會讓愛暖和心卻像寒冬因為你看著我瞳孔裡卻不是我你的謊言不斷割傷我的雙手讓我無法再次擁抱你入我懷中痛很深傷很重我的自尊已失蹤別再說你有多愛我不要再言不由衷編織的理由不要再讓愛騙我我真的沒有(我不習慣喊痛)我真的沒有(沉默不是縱容)承諾從沒讓我因你欺騙而退縮但天知道轉過身我的心在顫抖盲目的愛到最後終究自作自受我不再幻想當你膩了自由以後你的夜晚太美麗也不專屬於我愛累了不做夢我的傷口已斑駁別再說你有多愛我不要再言不由衷編織的理由不要再讓愛騙我我真的沒有(我不習慣喊痛)我真的沒有(沉默不是縱容)承認吧我們的頻率不同不要將錯就錯反覆著互相折磨抱著我想的卻不是我別再讓疑問變成反諷還不如擁有各自天空算了吧就讓我走不想再為了你害怕寂寞我看著鏡子裡的我卻沒有笑容為什麼又是我一個人繼續傷心淚流對我的甜言蜜語是否也對他一樣的動作你走吧我不想為你傷心難過
未完的承諾,"['我一直都覺得時間還很多', '今天沒有為妳做的 等明天再說', '忘了抓緊妳的手 當我回頭', '幸福就像我指尖 不知不覺放飛的氣球', '這算什麼', '不能保護妳的我 有什麼用', '妳害不害怕 妳寂寞不寂寞', '我的胸口很痛 我怎麼會把妳搞丟', '妳微笑的對我的信任的表情 還在我心中', '我瘋狂的祈求 完成我未完成的承諾', '因為我愛妳我想妳我要妳 再愛我', '我的天空下著雪 我的夢想破了洞', '我拚命的呼喊妳名字 消失在風中', '失魂落魄', '贏得多少未來 又有什麼用', '我已經沒有 想飛翔的理由', '我的胸口很痛 我怎麼會把妳搞丟', '妳微笑地對我的信任的表情 還在我心中', '我瘋狂的祈求 完成我未完成的承諾', '因為我愛妳我想妳我要妳 再愛我', '給我一個機會 重新再來過', '想要妳再回到我身邊 跟我有始有終', '我的胸口很痛 我怎麼會把妳搞丟', '我的肩膀很重 我扛著未完的承諾', '我自責的懺悔的愧疚的繼續 尋找妳影蹤', '想再牽著妳的手 不在乎代價是什麼', '因為我愛妳我想妳我要妳', '因為我愛妳我想妳我要妳 再愛我']",我一直都覺得時間還很多今天沒有為妳做的等明天再說忘了抓緊妳的手當我回頭幸福就像我指尖不知不覺放飛的氣球這算什麼不能保護妳的我有什麼用妳害不害怕妳寂寞不寂寞我的胸口很痛我怎麼會把妳搞丟妳微笑的對我的信任的表情還在我心中我瘋狂的祈求完成我未完成的承諾因為我愛妳我想妳我要妳再愛我我的天空下著雪我的夢想破了洞我拚命的呼喊妳名字消失在風中失魂落魄贏得多少未來又有什麼用我已經沒有想飛翔的理由我的胸口很痛我怎麼會把妳搞丟妳微笑地對我的信任的表情還在我心中我瘋狂的祈求完成我未完成的承諾因為我愛妳我想妳我要妳再愛我給我一個機會重新再來過想要妳再回到我身邊跟我有始有終我的胸口很痛我怎麼會把妳搞丟我的肩膀很重我扛著未完的承諾我自責的懺悔的愧疚的繼續尋找妳影蹤想再牽著妳的手不在乎代價是什麼因為我愛妳我想妳我要妳因為我愛妳我想妳我要妳再愛我
惜命命,"['這條歌要送乎你聽 我請你驚究聽', '我用心計較沒眠沒日寫的這條歌', '這首 將愛說出口 牽手 要牽你的手', '要隨時牽手陪你直到白頭', '這條歌要送乎你聽', '我不知道 妳聽完甘會了解我的心情', '你的一切我攏ㄟ惜命命', '因為你 害我心肝碰碰跳', '這款感覺酸甘甜 愛的世界霓虹燈', '希望未來 會當 一起一輩子', '我ㄟ為你擋風颱 希望你ㄟ盪了解', '我的心 我的愛 你知不知', '什麼都不用驚有我當你的靠山', '這款感覺酸甘甜 愛的世界霓虹燈', '希望未來 會當 一起一輩子', '我ㄟ為你擋風颱 希望你ㄟ盪了解', '我的心 我的愛 你知不知', '什麼都不用驚有我當你的靠山', '什麼都不用驚有我當你的靠山', '這條歌乎你聽 用心來唱希望妳知影', '滿腹心裡話 我對天來發誓', '發誓ㄟ對你 惜命命', '什麼都不用驚有我當你的靠山', '你是我的生命永遠和你作伴', '(台語發音版)', '這條歌欲送吼你聽 哇請你斟酌聽', '我用心計較無暝無日寫ㄟ這條歌', '這首 將愛說出口 牽手 要牽你的手(國語)', '要隨時牽手陪你直到白頭(國語)', '這條歌欲送吼你聽', '哇毋知影 你聽完敢會了解哇ㄟ心情', '你的一切 哇攏ㄟ惜命命', '因為你 害哇心肝咧噗噗跳', '這款感覺酸甘甜 愛ㄟ世界霓虹燈', '希望未來 ㄟ當 斗陣一世人', '哇ㄟ為你擋風颱 希望你ㄟ當了解', '哇ㄟ心 哇ㄟ愛 你知毋知', '啥密攏毋驚有我做你ㄟ靠山', '啥密攏毋驚有哇做你ㄟ靠山', '這款感覺酸甘甜 愛ㄟ世界霓虹燈', '希望未來 ㄟ當 斗陣一世人', '哇ㄟ為你擋風颱 希望你ㄟ當了解', '哇ㄟ心 哇ㄟ愛 你知毋知', '啥密攏毋驚有我做你ㄟ靠山', '啥密攏毋驚有我做你ㄟ靠山', '這條歌吼你聽 用心來唱希望你知影', '滿腹心裡話 哇對天來咒誓', '咒誓 ㄟ對你 惜命命', '啥密攏毋驚有我做你ㄟ靠山', '你是哇ㄟ性命永遠尬你做伴']",這條歌要送乎你聽我請你驚究聽我用心計較沒眠沒日寫的這條歌這首將愛說出口牽手要牽你的手要隨時牽手陪你直到白頭這條歌要送乎你聽我不知道妳聽完甘會了解我的心情你的一切我攏ㄟ惜命命因為你害我心肝碰碰跳這款感覺酸甘甜愛的世界霓虹燈希望未來會當一起一輩子我ㄟ為你擋風颱希望你ㄟ盪了解我的心我的愛你知不知什麼都不用驚有我當你的靠山這款感覺酸甘甜愛的世界霓虹燈希望未來會當一起一輩子我ㄟ為你擋風颱希望你ㄟ盪了解我的心我的愛你知不知什麼都不用驚有我當你的靠山什麼都不用驚有我當你的靠山這條歌乎你聽用心來唱希望妳知影滿腹心裡話我對天來發誓發誓ㄟ對你惜命命什麼都不用驚有我當你的靠山你是我的生命永遠和你作伴(台語發音版)這條歌欲送吼你聽哇請你斟酌聽我用心計較無暝無日寫ㄟ這條歌這首將愛說出口牽手要牽你的手(國語)要隨時牽手陪你直到白頭(國語)這條歌欲送吼你聽哇毋知影你聽完敢會了解哇ㄟ心情你的一切哇攏ㄟ惜命命因為你害哇心肝咧噗噗跳這款感覺酸甘甜愛ㄟ世界霓虹燈希望未來ㄟ當斗陣一世人哇ㄟ為你擋風颱希望你ㄟ當了解哇ㄟ心哇ㄟ愛你知毋知啥密攏毋驚有我做你ㄟ靠山啥密攏毋驚有哇做你ㄟ靠山這款感覺酸甘甜愛ㄟ世界霓虹燈希望未來ㄟ當斗陣一世人哇ㄟ為你擋風颱希望你ㄟ當了解哇ㄟ心哇ㄟ愛你知毋知啥密攏毋驚有我做你ㄟ靠山啥密攏毋驚有我做你ㄟ靠山這條歌吼你聽用心來唱希望你知影滿腹心裡話哇對天來咒誓咒誓ㄟ對你惜命命啥密攏毋驚有我做你ㄟ靠山你是哇ㄟ性命永遠尬你做伴
獅子吼,"['我要跨 越這座山峰 創 造一片天空 那 裡會有彩虹 笑著引接我', '風 會陪着我走 雨 都被我感動 雷 為我而激動 電 伺機而動', '我看見人性的醜陋 我聽見路人的詛咒', '我眼神堅定看著鏡子 裡的我 回想著 種種', '那過去的我 為了什麼 我勇往直前不改初衷', '抬起頭 我默默流汗 握著手', '我勇於挑戰 不斷突破 不退縮 我即使失敗 不放棄 不失控', '你睜大眼睛 看著我 怎麼作', '現在我要給你我的正能量的手', '別看輕自我 別喪氣沉默 不隨波逐流 看看別人 想想自己 努力 夠不夠', '別看輕自我 別喪氣沉默 不隨波逐流。', '要勇敢向前衝', '那 不實謠言 空穴來風 漫罵批評 惡意指控', '像 無數的箭 迎面而來 毫不留情 進攻', '儘管來吧 我正面迎戰沒在怕', '要絕地反攻 讓你見識 我的 獅子吼', '我嘗試各式的曲風 我挑戰各種的舞功', '我已經不再是過去的 那個我 過去那 歷盡', '著波折的我 堅持自我 我不屈不撓勇敢執著', '不回頭 我奮不顧身 不閃躲', '你躲在暗處 只會假裝 網友說 我即使聽見 只會當 耳邊風', '快面對陽光 放下刀 便成佛', '現在我要給你我的正能量的手', '別看輕自我 別喪氣沉默 不隨波逐流 看看別人 想想自己 努力 夠不夠', '別看輕自我 別喪氣沉默 不隨波逐流。', '要勇敢向前衝', '那 不實謠言 空穴來風 漫罵批評 惡意指控', '像 無數的箭 迎面而來 毫不留情 進攻', '儘管來吧 我正面迎戰沒在怕', '要絕地反攻 讓你見識 我的 獅子吼', '我要跨 越這座山峰 創 造一片天空 那 裡會有彩虹 笑著引接我', '風 會陪着我走 雨 都被我感動 雷 為我而激動 電 伺機而動']",我要跨越這座山峰創造一片天空那裡會有彩虹笑著引接我風會陪着我走雨都被我感動雷為我而激動電伺機而動我看見人性的醜陋我聽見路人的詛咒我眼神堅定看著鏡子裡的我回想著種種那過去的我為了什麼我勇往直前不改初衷抬起頭我默默流汗握著手我勇於挑戰不斷突破不退縮我即使失敗不放棄不失控你睜大眼睛看著我怎麼作現在我要給你我的正能量的手別看輕自我別喪氣沉默不隨波逐流看看別人想想自己努力夠不夠別看輕自我別喪氣沉默不隨波逐流。要勇敢向前衝那不實謠言空穴來風漫罵批評惡意指控像無數的箭迎面而來毫不留情進攻儘管來吧我正面迎戰沒在怕要絕地反攻讓你見識我的獅子吼我嘗試各式的曲風我挑戰各種的舞功我已經不再是過去的那個我過去那歷盡著波折的我堅持自我我不屈不撓勇敢執著不回頭我奮不顧身不閃躲你躲在暗處只會假裝網友說我即使聽見只會當耳邊風快面對陽光放下刀便成佛現在我要給你我的正能量的手別看輕自我別喪氣沉默不隨波逐流看看別人想想自己努力夠不夠別看輕自我別喪氣沉默不隨波逐流。要勇敢向前衝那不實謠言空穴來風漫罵批評惡意指控像無數的箭迎面而來毫不留情進攻儘管來吧我正面迎戰沒在怕要絕地反攻讓你見識我的獅子吼我要跨越這座山峰創造一片天空那裡會有彩虹笑著引接我風會陪着我走雨都被我感動雷為我而激動電伺機而動
第61分鐘,"['倒數四三二一 鬧鐘沒有響', '世界末日沒有來 我們都一樣', '不如放一天假 心情特別亮', '呼朋引伴在身旁 快樂最高檔', '第六十一分鐘 煩惱都拋下', '愛夠份量 就不怕冷場']",倒數四三二一鬧鐘沒有響世界末日沒有來我們都一樣不如放一天假心情特別亮呼朋引伴在身旁快樂最高檔第六十一分鐘煩惱都拋下愛夠份量就不怕冷場
愛我喊出來,"['別猜 愛因斯坦的想法', '腦袋 偶爾讓它不聽話', '身體 不聽使喚想去哪', '別怕 我有一顆強心臟', '沒有什麼不奇怪', '沒有什麼不能愛', '放肆一下更好玩', '快樂很簡單', '今天暫時不裝乖', '有一點壞更可愛', '把全世界翻過來', '不愛不散', '越舞越痛快', '愛我喊出來', '快承認 心動是自然反射', '快轉發 全人類你最獨特', '邀請你 享受我愛的特權', '今天起你最寶貝', '越舞越痛快', '愛我喊出來']",別猜愛因斯坦的想法腦袋偶爾讓它不聽話身體不聽使喚想去哪別怕我有一顆強心臟沒有什麼不奇怪沒有什麼不能愛放肆一下更好玩快樂很簡單今天暫時不裝乖有一點壞更可愛把全世界翻過來不愛不散越舞越痛快愛我喊出來快承認心動是自然反射快轉發全人類你最獨特邀請你享受我愛的特權今天起你最寶貝越舞越痛快愛我喊出來
麥克瘋之王(羅志祥&麥克瘋),"['麥克瘋', '雙層純牛肉', '獨特醬料加生菜', '吉事洋蔥酸黃瓜', '芝麻麵包蓋上去', '我就是愛大麥克', '我就是愛大麥克', '雙層純牛肉', '獨特醬料加生菜', '吉事洋蔥酸黃瓜', '芝麻麵包蓋上去', '我就是愛大麥克', '我就是愛大麥克']",麥克瘋雙層純牛肉獨特醬料加生菜吉事洋蔥酸黃瓜芝麻麵包蓋上去我就是愛大麥克我就是愛大麥克雙層純牛肉獨特醬料加生菜吉事洋蔥酸黃瓜芝麻麵包蓋上去我就是愛大麥克我就是愛大麥克
舞極限(2012全新單曲 ),"['當全世界 全淪陷於壁壘', '我扛旗 努力揮', '讓煙硝味 全消弭於音樂', '無所謂 誰贏誰', '把拒馬撤掉 高牆推倒', '給敵意機會 去插上玫瑰', '這歌以舞為名 為愛 而跳', '讓身體舞極限 一燒 再燒', '這歌以舞為名 我當然要', '向愛我的你 獻上最敬禮', '舞極限跳躍', '當我舞步已臣服於疲憊', '我不累 我是鬼', '就算此刻我仍不完美', '到明天 誰怕誰', '把鞋帶綁牢 舞台架好', '給舞曲機會 去寵愛汗水', '這歌以舞為名 為愛 而跳', '讓身體舞極限 一燒 再燒', '這歌以舞為名 我當然要', '向愛我的你 獻上最敬禮', '舞極限跳躍', '這歌以舞為名 為愛 而跳', '讓身體舞極限 一燒 再燒', '這歌以舞為名 我當然要', '向愛我的你 獻上最敬禮', '這歌以舞為名 為愛 而跳', '讓身體舞極限 一燒 再燒', '這歌以舞為名 我當然要', '向愛我的你 獻上最敬禮', '這歌以舞為名 為愛 而跳', '讓身體舞極限 一燒 再燒', '這歌以舞為名 我當然要', '向愛我的你 獻上最敬禮', '以舞為榮耀']",當全世界全淪陷於壁壘我扛旗努力揮讓煙硝味全消弭於音樂無所謂誰贏誰把拒馬撤掉高牆推倒給敵意機會去插上玫瑰這歌以舞為名為愛而跳讓身體舞極限一燒再燒這歌以舞為名我當然要向愛我的你獻上最敬禮舞極限跳躍當我舞步已臣服於疲憊我不累我是鬼就算此刻我仍不完美到明天誰怕誰把鞋帶綁牢舞台架好給舞曲機會去寵愛汗水這歌以舞為名為愛而跳讓身體舞極限一燒再燒這歌以舞為名我當然要向愛我的你獻上最敬禮舞極限跳躍這歌以舞為名為愛而跳讓身體舞極限一燒再燒這歌以舞為名我當然要向愛我的你獻上最敬禮這歌以舞為名為愛而跳讓身體舞極限一燒再燒這歌以舞為名我當然要向愛我的你獻上最敬禮這歌以舞為名為愛而跳讓身體舞極限一燒再燒這歌以舞為名我當然要向愛我的你獻上最敬禮以舞為榮耀
鬧翻天(2012全新單曲 ),"['慢了就不精采', '合個照 喀嚓喀嚓', '不用困擾跟我跳', '就是要鬧翻天停不了', '不准你喵喵像病貓', '一眼就能記住我名號', '能躲在牆角陪你哭出來 (哭出來)', '能讓你聽著我的心跳睡個好覺', '就算月色被夜色擋掉 (色擋掉)', '眼睛的光能一樣陪你跳躍', '聽不到 嘰嘰喳喳 不用誰管教', '就是要鬧翻天停不了', '不准你喵喵像病貓', '一眼就能記住我名號', '我的愛停不下來', '一眼就能記住我名號']",慢了就不精采合個照喀嚓喀嚓不用困擾跟我跳就是要鬧翻天停不了不准你喵喵像病貓一眼就能記住我名號能躲在牆角陪你哭出來(哭出來)能讓你聽著我的心跳睡個好覺就算月色被夜色擋掉(色擋掉)眼睛的光能一樣陪你跳躍聽不到嘰嘰喳喳不用誰管教就是要鬧翻天停不了不准你喵喵像病貓一眼就能記住我名號我的愛停不下來一眼就能記住我名號
一支獨秀,"['＊愛 愛愛愛 準備大顯身手', '愛 愛愛愛 看我一支獨秀', '愛 愛愛愛＊', '我掙脫 緊箍咒 踩上好漢坡', '避風頭 偷練功 就等這一刻', '讓喉嚨 吼一吼 衝破你耳膜', '此刻你聽到節奏是我的脈搏', '＃這世界冷颼颼 單調的像碗粥', '勝者為王敗為寇', '想熬出頭混不得', '閉上眼 握拳頭 機會你要掌握', '我不再做某某某 要你記住我＃', '求菩薩 拜碼頭 就等這一刻', '血液裡 燃燒著 像洪水猛獸', '你是否 也感受 胸口那把火', '歡迎跟我切磋切磋 或幫我加油', '招式看來簡陋 卻能拳拳到肉', '真功夫當作獻醜', '談笑之間別苗頭', '風一般的動作', '肯定獨步宇宙', '我有把握 跟著我', '能獨佔鰲頭']",＊愛愛愛愛準備大顯身手愛愛愛愛看我一支獨秀愛愛愛愛＊我掙脫緊箍咒踩上好漢坡避風頭偷練功就等這一刻讓喉嚨吼一吼衝破你耳膜此刻你聽到節奏是我的脈搏＃這世界冷颼颼單調的像碗粥勝者為王敗為寇想熬出頭混不得閉上眼握拳頭機會你要掌握我不再做某某某要你記住我＃求菩薩拜碼頭就等這一刻血液裡燃燒著像洪水猛獸你是否也感受胸口那把火歡迎跟我切磋切磋或幫我加油招式看來簡陋卻能拳拳到肉真功夫當作獻醜談笑之間別苗頭風一般的動作肯定獨步宇宙我有把握跟著我能獨佔鰲頭
撐腰,"['你在愛情跌倒 回家讓你撒嬌', '戀愛之道 快找哥兒們討教', '萬一你又出包 有我幫你罩', '女人聚會 男人要自我保護', '暗箭有無數 絕對不能認輸', '有天大的本事 比不過低腰短褲', '要團結 抗外侮 拿出男人硬態度', '你在愛情跌倒 回家讓你撒嬌', '戀愛之道 快找哥兒們討教', '萬一你又出包 有我幫你罩', '男人聚會 女賓自重請止步', '千古風流人物 義結金蘭一同闖世俗', '英雄關 美人哭 兄弟情誼不能吐', '義氣就是爆料 我們肝膽相照', '胡鬧瞎搞 跟哥們一起鬧', '捍衛男人榮耀 麻煩我來罩', '你在愛情跌倒 回家讓你撒嬌', '戀愛之道 快找哥兒們討教', '萬一你又出包 有我幫你罩']",你在愛情跌倒回家讓你撒嬌戀愛之道快找哥兒們討教萬一你又出包有我幫你罩女人聚會男人要自我保護暗箭有無數絕對不能認輸有天大的本事比不過低腰短褲要團結抗外侮拿出男人硬態度你在愛情跌倒回家讓你撒嬌戀愛之道快找哥兒們討教萬一你又出包有我幫你罩男人聚會女賓自重請止步千古風流人物義結金蘭一同闖世俗英雄關美人哭兄弟情誼不能吐義氣就是爆料我們肝膽相照胡鬧瞎搞跟哥們一起鬧捍衛男人榮耀麻煩我來罩你在愛情跌倒回家讓你撒嬌戀愛之道快找哥兒們討教萬一你又出包有我幫你罩
一萬零一夜,"['演唱會【舞法舞天之一萬零一夜安可場】主題曲', '不到狂熱頂點不停歇', '奉獻出 愛誓言 愛經典', '睜著眼說瞎話的那麼明顯', '偏偏你委屈自己封印自己真實的臉', '那一些肆無忌憚不知檢點', '求求你拯救自己勇敢自己挑戰極限', '﹡是節奏 著了魔 快跳動還等什麼', '是脈搏 在騷動 快給我激情點頭', '讓欲望 去放縱 飛舞著快樂雙手', '你和我 就聯手 魔幻了整個宇宙', '會不會覺得身上枷鎖太多', '試一次不顧形象不顧完美解放自我', '那一些蜚語流言道聽塗說', '拜託你昂首獨步無聊的話當耳邊風']",演唱會【舞法舞天之一萬零一夜安可場】主題曲不到狂熱頂點不停歇奉獻出愛誓言愛經典睜著眼說瞎話的那麼明顯偏偏你委屈自己封印自己真實的臉那一些肆無忌憚不知檢點求求你拯救自己勇敢自己挑戰極限﹡是節奏著了魔快跳動還等什麼是脈搏在騷動快給我激情點頭讓欲望去放縱飛舞著快樂雙手你和我就聯手魔幻了整個宇宙會不會覺得身上枷鎖太多試一次不顧形象不顧完美解放自我那一些蜚語流言道聽塗說拜託你昂首獨步無聊的話當耳邊風
獨一無二 Only You,"['妳的快樂 全都是我的對策 越拿妳沒輒 越要妳見識我的獨特', '妳想學衝浪 陪妳曬成炭', '還沒說要閃 絕對不想買單', '想熱鬧晚餐 我用力幫妳揪團', '擋 擋 擋不住 愛慘了才酷', '關 關 關不住 全天候的服務', '藏 藏 藏不住 想霸佔的企圖', '攔 攔 攔不住 中毒', '天乾物燥 小心 我愛的火燭', '要妳快樂 全都是我的政策 誰拿我沒輒 我偏要給妳我的獨特', '妳說妳怕胖 陪妳不吃飯', '妳流一滴汗 我變出遮陽傘', '不想出去玩 我兄弟暫時解散', '擋 擋 擋不住 愛慘了才酷', '關 關 關不住 全天候的服務', '藏 藏 藏不住 想霸佔的企圖', '攔 攔 攔不住 中毒', '天乾物燥 小心 我愛的火燭', '管他現在的我和我到底像不像', '要妳獨自欣賞(我要妳獨自欣賞)', '擋 擋 擋不住 愛慘了才酷', '關 關 關不住 全天候的服務', '藏 藏 藏不住 想霸佔的企圖', '攔 攔 攔不住 中毒', '天乾物燥 小心 我愛的火燭']",妳的快樂全都是我的對策越拿妳沒輒越要妳見識我的獨特妳想學衝浪陪妳曬成炭還沒說要閃絕對不想買單想熱鬧晚餐我用力幫妳揪團擋擋擋不住愛慘了才酷關關關不住全天候的服務藏藏藏不住想霸佔的企圖攔攔攔不住中毒天乾物燥小心我愛的火燭要妳快樂全都是我的政策誰拿我沒輒我偏要給妳我的獨特妳說妳怕胖陪妳不吃飯妳流一滴汗我變出遮陽傘不想出去玩我兄弟暫時解散擋擋擋不住愛慘了才酷關關關不住全天候的服務藏藏藏不住想霸佔的企圖攔攔攔不住中毒天乾物燥小心我愛的火燭管他現在的我和我到底像不像要妳獨自欣賞(我要妳獨自欣賞)擋擋擋不住愛慘了才酷關關關不住全天候的服務藏藏藏不住想霸佔的企圖攔攔攔不住中毒天乾物燥小心我愛的火燭
全城熱愛,"['何必要把愛隱形藏起來', '快樂狂飆跟低調說掰掰', '科技體感沒有發明 真愛', '全心打開 熱情都跳出來', '＊燃燒愛 寂寞就不在 感覺對就快表白', '心動起來 不怕末日到來', '感受 擁抱每份愛 別在螢幕前發呆', '全城舞動 跳動這精彩', '就要活的自在 全城熱愛起來', '愛～ 愛 愛～ 愛 愛愛愛', '愛～ 愛 愛～ 愛 愛愛愛愛愛愛愛愛愛愛愛愛愛愛愛', '追求快樂就是一種潮牌', '是單身或閃光族都不賴', '世界也沒有你想像的壞', '燃燒愛 寂寞就不在 感覺對就快表白', '心動起來 不怕末日到來', '感受 擁抱每份愛 別在螢幕前發呆', '全城舞動 跳動這精彩', '就要活的自在 全城熱愛起來', '愛～ 愛 愛～ 愛 愛愛愛', '愛～ 愛 愛～ 愛 愛愛愛', '愛～ (喔嗚喔)愛 愛～ (喔嗚喔)愛 愛愛愛', '愛～ (喔嗚喔)愛 愛～ (喔嗚喔)愛 愛愛愛愛愛愛']",何必要把愛隱形藏起來快樂狂飆跟低調說掰掰科技體感沒有發明真愛全心打開熱情都跳出來＊燃燒愛寂寞就不在感覺對就快表白心動起來不怕末日到來感受擁抱每份愛別在螢幕前發呆全城舞動跳動這精彩就要活的自在全城熱愛起來愛～愛愛～愛愛愛愛愛～愛愛～愛愛愛愛愛愛愛愛愛愛愛愛愛愛愛愛追求快樂就是一種潮牌是單身或閃光族都不賴世界也沒有你想像的壞燃燒愛寂寞就不在感覺對就快表白心動起來不怕末日到來感受擁抱每份愛別在螢幕前發呆全城舞動跳動這精彩就要活的自在全城熱愛起來愛～愛愛～愛愛愛愛愛～愛愛～愛愛愛愛愛～(喔嗚喔)愛愛～(喔嗚喔)愛愛愛愛愛～(喔嗚喔)愛愛～(喔嗚喔)愛愛愛愛愛愛愛
幸福囉,"['衣服配件為了我搭 短裙熱褲全都封箱', '姊妹熱線 三分鐘就掰啦', '崇拜眼神 專屬我的獨家', '瞞著我準備愛獨特的甜點', '滿足我男人自尊讚美掛嘴邊', '你怎麼能夠做得到 永遠是我第一優先', '讓我不自覺就淪陷', '從此 幸福排行榜 都在報導我', '從此每個人改叫我幸福羅', '妳主編我的生活 創造了潮流 刷新 我每個幽默', '從此幸福排行榜 為你幸福囉', '你用笑容炫燿寵愛你的我', '眼淚為感動而流 登上衛冕者寶座']",衣服配件為了我搭短裙熱褲全都封箱姊妹熱線三分鐘就掰啦崇拜眼神專屬我的獨家瞞著我準備愛獨特的甜點滿足我男人自尊讚美掛嘴邊你怎麼能夠做得到永遠是我第一優先讓我不自覺就淪陷從此幸福排行榜都在報導我從此每個人改叫我幸福羅妳主編我的生活創造了潮流刷新我每個幽默從此幸福排行榜為你幸福囉你用笑容炫燿寵愛你的我眼淚為感動而流登上衛冕者寶座
愛的主場秀,"['氣溫太躁動 難過', '競技場裡 觀眾太多', '歡聲 雷動 等愛被轉播', '誰在挺我 快說 來點掌聲 也不為過', '我想 打動 妳的心裡頭', '第一回合敲鐘 紅色布幕 揚動', '我和妳站兩頭 等等看是誰先主動', '給我一點笑容 骨子裡的衝動', '愛的主場秀 鬥智也鬥勇', '妳也有手偏偏要牽不牽吊人胃口', '別ㄍ一ㄥ那麼久 告白不必等壓軸', '我不介意 像這種小事交給我做', '氣溫太躁動 難過', '競技場裡 觀眾太多', '歡聲 雷動 等愛被轉播', '誰在挺我 快說 來點掌聲 也不為過', '我想 打動 妳的心裡頭', '第二回合敲鐘 紅色布幕揚動', '妳試探性接受 我眼神發出的電波', '我沒有說什麼 是妳在想什麼', '愛的主場秀 鬥智也鬥勇', '妳臉紅紅還說 天氣太熱 明明害羞', '能攻能守 預告你的心將屬於我', '(愛的主場秀 必勝的念頭 我越戰越勇)', '贏到妳的心 獨一無二', '(愛的主場秀 想和你交手 延長幾回合)', '我用盡絕活', '愛的主場秀 鬥智也鬥勇', '你也有手偏偏要牽不牽吊人胃口', '別ㄍ一ㄥ 那麼久 告白不必等壓軸', '我不介意 像這種小事交給我做', '愛的主場秀 鬥智也鬥勇', '你臉紅紅 還說天氣太熱 明明害羞', '能攻能守 預告你的心 將屬於我']",氣溫太躁動難過競技場裡觀眾太多歡聲雷動等愛被轉播誰在挺我快說來點掌聲也不為過我想打動妳的心裡頭第一回合敲鐘紅色布幕揚動我和妳站兩頭等等看是誰先主動給我一點笑容骨子裡的衝動愛的主場秀鬥智也鬥勇妳也有手偏偏要牽不牽吊人胃口別ㄍ一ㄥ那麼久告白不必等壓軸我不介意像這種小事交給我做氣溫太躁動難過競技場裡觀眾太多歡聲雷動等愛被轉播誰在挺我快說來點掌聲也不為過我想打動妳的心裡頭第二回合敲鐘紅色布幕揚動妳試探性接受我眼神發出的電波我沒有說什麼是妳在想什麼愛的主場秀鬥智也鬥勇妳臉紅紅還說天氣太熱明明害羞能攻能守預告你的心將屬於我(愛的主場秀必勝的念頭我越戰越勇)贏到妳的心獨一無二(愛的主場秀想和你交手延長幾回合)我用盡絕活愛的主場秀鬥智也鬥勇你也有手偏偏要牽不牽吊人胃口別ㄍ一ㄥ那麼久告白不必等壓軸我不介意像這種小事交給我做愛的主場秀鬥智也鬥勇你臉紅紅還說天氣太熱明明害羞能攻能守預告你的心將屬於我
愛瘋頭,"['你想逛逛月球', '101 夠不夠', '我背你上頂樓', '赴湯蹈火 我為你做', '每天頂級面膜', '給你香檳漱口', '上流般的生活', '赴湯蹈火 我為你做', '海派的天空讓你盡情揮霍', '為你愛瘋頭到走火入魔 喔噢', '海派的生活讓你盡情享受', '為你愛瘋頭快流浪街頭', '海派 海派 哎呀呀呀', '你想看煙火', '我拉炮拉到耳聾', '３Ｄ現場效果', '赴湯蹈火 我為你做', '海派的天空讓你盡情揮霍', '為你愛瘋頭到走火入魔 喔噢', '海派的生活讓你盡情享受', '為你愛瘋頭快流浪街頭', '海派 海派呀呀呀呀～～', '海派 海派 海派呀呀呀呀～～', '你要相信 我的用心', '海派的天空 讓你盡情揮霍', '為你愛瘋狂到走火入魔 喔噢', '海派的生活 讓你盡情享受', '為你愛瘋頭快流浪街頭', '海派 海派', '哎呀呀呀呀呀呀呀']",你想逛逛月球101夠不夠我背你上頂樓赴湯蹈火我為你做每天頂級面膜給你香檳漱口上流般的生活赴湯蹈火我為你做海派的天空讓你盡情揮霍為你愛瘋頭到走火入魔喔噢海派的生活讓你盡情享受為你愛瘋頭快流浪街頭海派海派哎呀呀呀你想看煙火我拉炮拉到耳聾３Ｄ現場效果赴湯蹈火我為你做海派的天空讓你盡情揮霍為你愛瘋頭到走火入魔喔噢海派的生活讓你盡情享受為你愛瘋頭快流浪街頭海派海派呀呀呀呀～～海派海派海派呀呀呀呀～～你要相信我的用心海派的天空讓你盡情揮霍為你愛瘋狂到走火入魔喔噢海派的生活讓你盡情享受為你愛瘋頭快流浪街頭海派海派哎呀呀呀呀呀呀呀
有我在,"['當黑暗席捲而來 這世界好像已被寂寞深埋', '就連作夢都崩壞 我也會拼了命忍耐 為你存在', '愛讓我們義無反顧扮演了硬派', '也讓我們歇斯底里變成了病態', '或許我們 始終都沒有明白 愛只要瞬間精采', '別怕天塌下來 別怕剩下空白 你的世界有我在', '我們被思念主宰 總是手放不開而心被眼淚出賣', '誰能說不愛就不愛 最想念的那個人為什麼已不在', '愛讓我們義無反顧扮演了硬派', '也讓我們歇斯底里變成了病態', '或許我們始終都沒有明白 愛只要瞬間精采', '別怕天塌下來 別怕剩下空白 你的世界有我在', '別怕天塌下來 別怕剩下空白 你的世界有我在']",當黑暗席捲而來這世界好像已被寂寞深埋就連作夢都崩壞我也會拼了命忍耐為你存在愛讓我們義無反顧扮演了硬派也讓我們歇斯底里變成了病態或許我們始終都沒有明白愛只要瞬間精采別怕天塌下來別怕剩下空白你的世界有我在我們被思念主宰總是手放不開而心被眼淚出賣誰能說不愛就不愛最想念的那個人為什麼已不在愛讓我們義無反顧扮演了硬派也讓我們歇斯底里變成了病態或許我們始終都沒有明白愛只要瞬間精采別怕天塌下來別怕剩下空白你的世界有我在別怕天塌下來別怕剩下空白你的世界有我在
箇中強手(Hot Shot),"['無聊的生活 你還想過多久', '鬥志被埋沒 別怪罪都是懶惰', '汗要飆出火 成敗就這一刻', '要點燃熱血 跟兄弟併肩戰鬥', '我們 只拼到底', '不信 失敗有理', '打下 一個傳奇', '要你跟我一起', '就打破規則', '出手 就知有沒有', '箇中強手 那將是我', '有膽成英雄', '巔峰 不過是開頭', '心裡的節奏 就要衝出喉嚨', '現在倒數秒鐘 你跟我一起加油', '成功的顏色 讓別人看不透', '就掀起潮流 要世界跟隨 我', '我們 只拼到底', '不信 失敗有理', '打下 一個傳奇', '要你跟我一起', '就打破規則', '出手 就知有沒有', '箇中強手 那將是我', '有膽成英雄', '巔峰 不過是開頭', '懷疑 不會是我的座右銘', '自己 超越每個自己', '就打破規則', '出手 就知有沒有', '箇中強手 那將是我', '有膽成英雄', '巔峰 不過是開頭', '就打破規則', '出手 就知有沒有', '箇中強手 那將是我', '有膽成英雄', '巔峰 不過是開頭']",無聊的生活你還想過多久鬥志被埋沒別怪罪都是懶惰汗要飆出火成敗就這一刻要點燃熱血跟兄弟併肩戰鬥我們只拼到底不信失敗有理打下一個傳奇要你跟我一起就打破規則出手就知有沒有箇中強手那將是我有膽成英雄巔峰不過是開頭心裡的節奏就要衝出喉嚨現在倒數秒鐘你跟我一起加油成功的顏色讓別人看不透就掀起潮流要世界跟隨我我們只拼到底不信失敗有理打下一個傳奇要你跟我一起就打破規則出手就知有沒有箇中強手那將是我有膽成英雄巔峰不過是開頭懷疑不會是我的座右銘自己超越每個自己就打破規則出手就知有沒有箇中強手那將是我有膽成英雄巔峰不過是開頭就打破規則出手就知有沒有箇中強手那將是我有膽成英雄巔峰不過是開頭
當我們宅一塊,"['＊愛過來 當我們宅一塊', '就算沒有豪宅 屋屋屋屋 滿滿愛', '親過來 讓我們宅一塊', '跟你窩著棉被浪漫過冬', '幸福的宅＊', '就是你無理取鬧的可愛姿態(吼)', '每天我的心臟都快跳出來(撲通)', '不知你有沒有感受我的眼神煞到愛', '完美型男遇上可愛宅女就被打敗', '搞不懂你還教會狗狗12連拍(喀嚓)', '你說你的生活拒絕無賴跟耍賴', '只想找個真愛 真愛', '＃如果你期待愛', '生活愉快跟我幸福百分百', '我也可以很宅 就為了愛', '你別大驚小怪 快把愛說出來＃', '請你別再懷疑我的心意', '我只想要跟你宅一起做什麼都可以', '把我的愛放在你心底', '跟我愛一起', '跟我宅一起', '給你秀秀 不要扭扭捏捏', '給你秀秀 害羞拿去消滅']",＊愛過來當我們宅一塊就算沒有豪宅屋屋屋屋滿滿愛親過來讓我們宅一塊跟你窩著棉被浪漫過冬幸福的宅＊就是你無理取鬧的可愛姿態(吼)每天我的心臟都快跳出來(撲通)不知你有沒有感受我的眼神煞到愛完美型男遇上可愛宅女就被打敗搞不懂你還教會狗狗12連拍(喀嚓)你說你的生活拒絕無賴跟耍賴只想找個真愛真愛＃如果你期待愛生活愉快跟我幸福百分百我也可以很宅就為了愛你別大驚小怪快把愛說出來＃請你別再懷疑我的心意我只想要跟你宅一起做什麼都可以把我的愛放在你心底跟我愛一起跟我宅一起給你秀秀不要扭扭捏捏給你秀秀害羞拿去消滅
潮男正傳,"['老媽說 我像隻蜈蚣', '只有兩隻腳 鞋都嫌不夠 哪雙限量 家裡通通有', '叫朋友幫我插隊 幫我關說', '還好交情夠 搶到第一手', '潮男出手 怎麼做 丟丟丟', '丟什麼？ 該丟的通通得丟', '球鞋開了口 快放生 做功德', '男人味 如果沒有潮流 不夠格', '男人愛美活著才夠厲害', '潮男出門接受大家膜拜', '聽說英雄 自古都愛美色 那是要說 以身作則 你 懂了沒有？', '潮男出手 怎麼做 有有有', '有什麼？ 不該有的不要有', '頭髮不能油 大肚腩 快點瘦', '男人味 標準已經不同 別出糗']",老媽說我像隻蜈蚣只有兩隻腳鞋都嫌不夠哪雙限量家裡通通有叫朋友幫我插隊幫我關說還好交情夠搶到第一手潮男出手怎麼做丟丟丟丟什麼？該丟的通通得丟球鞋開了口快放生做功德男人味如果沒有潮流不夠格男人愛美活著才夠厲害潮男出門接受大家膜拜聽說英雄自古都愛美色那是要說以身作則你懂了沒有？潮男出手怎麼做有有有有什麼？不該有的不要有頭髮不能油大肚腩快點瘦男人味標準已經不同別出糗
我秀故我在,"['沒自信 沒有型 搞不定 無限的未來 誰說不行', '行動力 是奇蹟 錯過就 來不及 看我的 神來一筆', '沒自信 沒有型 搞不定 無限的未來 誰說不行']",沒自信沒有型搞不定無限的未來誰說不行行動力是奇蹟錯過就來不及看我的神來一筆沒自信沒有型搞不定無限的未來誰說不行
WOW!,"['羅志祥 & 蕭亞軒', '大可不必搖頭晃腦 出怪招', '為了讓我微笑拼命想討好', '管它什麼潮流當道', '眉一挑等閒之輩不要再打擾', '不奇怪 心跳會多了一拍', '不意外 為了我瘋狂失態', '為我站起來', '愛就要炫耀 裝害臊太沒禮貌', '誰怕 誰怕誰 感覺不對 別來鬧', '愛就要咆哮 憋在心裡誰知道', '剛剛好 像一杯飲料', '有一點氣泡 刺激你頭腦幫你早一點開竅', '偶爾不走在軌道 是我的調調', '別期待 快樂會不請自來', '別搖擺 你心動看得出來', '誰越活越倒退 讚美都學不會', '當媽咪的寶貝 戀愛還要報備', '愛沒有對不對 追追追 追一回', '不必太多防衛 我的熱情別浪費', '愛就要炫耀 裝害臊太沒禮貌', '誰怕 誰怕誰 感覺不對 別來鬧', '愛就要咆哮 憋在心裡誰知道', '誰說我不心動 心跳大得快聾', '只是太多小丑 擋著你看不到我', '好幾天不能睡 草稿打了八百回', '為了這一刻我天天熬夜拚命演練', '偷拍你的照片 貼在手機桌面', '故意騎著小折聽音樂經過你面前', '是你要我出手 嚇到你怪不得我', '你的喜怒哀樂春夏秋冬都讓我接手']",羅志祥&蕭亞軒大可不必搖頭晃腦出怪招為了讓我微笑拼命想討好管它什麼潮流當道眉一挑等閒之輩不要再打擾不奇怪心跳會多了一拍不意外為了我瘋狂失態為我站起來愛就要炫耀裝害臊太沒禮貌誰怕誰怕誰感覺不對別來鬧愛就要咆哮憋在心裡誰知道剛剛好像一杯飲料有一點氣泡刺激你頭腦幫你早一點開竅偶爾不走在軌道是我的調調別期待快樂會不請自來別搖擺你心動看得出來誰越活越倒退讚美都學不會當媽咪的寶貝戀愛還要報備愛沒有對不對追追追追一回不必太多防衛我的熱情別浪費愛就要炫耀裝害臊太沒禮貌誰怕誰怕誰感覺不對別來鬧愛就要咆哮憋在心裡誰知道誰說我不心動心跳大得快聾只是太多小丑擋著你看不到我好幾天不能睡草稿打了八百回為了這一刻我天天熬夜拚命演練偷拍你的照片貼在手機桌面故意騎著小折聽音樂經過你面前是你要我出手嚇到你怪不得我你的喜怒哀樂春夏秋冬都讓我接手
愛走秀,"['逛精品店也可以逛潮牌 就像我對你的愛', '多方位萬能發展 飛簷走壁很抱歉學不來', '整天黏著你 帶你趴趴走 簡單', '愛的伸展台 溫柔是名牌 時尚到未來要你在', '只為你獨家表演的愛', '能穿皮鞋 也能玩 衝浪板', '就像我對妳的愛 各種面貌 隨妳愛', '我想為妳 站上這 伸展台', '抬頭挺胸走 把真心都秀 出來', '我精心安排 愛要高姿態', '讓你像名模 被寵愛', '只要你明白 愛要有我才 精彩', '我們自己曬恩愛 多贊', '走愛的秀', '走愛的秀', '不用 羞 羞 羞', '愛何必 羞 羞 羞', '走愛的秀', '走愛的秀', '不用 羞 羞 羞', '愛何必 羞 羞 羞']",逛精品店也可以逛潮牌就像我對你的愛多方位萬能發展飛簷走壁很抱歉學不來整天黏著你帶你趴趴走簡單愛的伸展台溫柔是名牌時尚到未來要你在只為你獨家表演的愛能穿皮鞋也能玩衝浪板就像我對妳的愛各種面貌隨妳愛我想為妳站上這伸展台抬頭挺胸走把真心都秀出來我精心安排愛要高姿態讓你像名模被寵愛只要你明白愛要有我才精彩我們自己曬恩愛多贊走愛的秀走愛的秀不用羞羞羞愛何必羞羞羞走愛的秀走愛的秀不用羞羞羞愛何必羞羞羞
舞法舞天,"['想假裝你不愛這個節奏唉呦少來', '給你勇氣把龜毛無聊都趕出腦海', '擺脫纏住你的膠帶給自己個交代', '今天舞法舞天 讓自己大於無限', '煩惱丟在路邊 讓規則都不見', '讓我舞法舞天 讓希望大於無限', '機會忽隱忽現 由我們來主演', '讓我舞法舞天', '用絕對舞力震撼世界讓對手朝拜', '當電流穿越身體讓眾人眼神超載', '賭上了名譽用快樂打造金字招牌', '全力以赴才豪邁 今天舞法舞天', '讓自己大於無限 煩惱丟在路邊', '讓規則都不見 讓我舞法舞天', '讓希望大於無限 機會忽隱忽現', '走自己的路 耍自己的酷', '跳自己的舞 做自己 最精彩', '彈自己的譜 算自己的數', '扮自己的豬 做自己 最愉快', '今天舞法舞天 讓自己大於無限', '煩惱丟在路邊 讓規則都不見', '讓我舞法舞天 讓希望大於無限', '機會忽隱忽現 由我們來主演', '讓我舞法舞天', '讓我舞法舞天']",想假裝你不愛這個節奏唉呦少來給你勇氣把龜毛無聊都趕出腦海擺脫纏住你的膠帶給自己個交代今天舞法舞天讓自己大於無限煩惱丟在路邊讓規則都不見讓我舞法舞天讓希望大於無限機會忽隱忽現由我們來主演讓我舞法舞天用絕對舞力震撼世界讓對手朝拜當電流穿越身體讓眾人眼神超載賭上了名譽用快樂打造金字招牌全力以赴才豪邁今天舞法舞天讓自己大於無限煩惱丟在路邊讓規則都不見讓我舞法舞天讓希望大於無限機會忽隱忽現走自己的路耍自己的酷跳自己的舞做自己最精彩彈自己的譜算自己的數扮自己的豬做自己最愉快今天舞法舞天讓自己大於無限煩惱丟在路邊讓規則都不見讓我舞法舞天讓希望大於無限機會忽隱忽現由我們來主演讓我舞法舞天讓我舞法舞天
RUNNER,"['誰も 止められない', '…キミ 振り向かせたい', 'ずっと 周りの視線 気にして', '本当のキモチ 隠していたけれど', '無謀でもイイ', '走り切れ 届くまで!!', 'ヤメとけと 言われても', '抑えるコトは もう出来ない', '燃える炎 気づいてよ', '1、10、100 どれだけ 想っても', 'ドラマに 今日も クランクイン', 'そうさ 誰もが 傷 背負って 生きてる', 'いつまでも それに 甘えてばっかりじゃ', '自分が ツマラナイ', '勢いつけ 口火を切ろう', 'みんなも ついておいで!', 'ヤメとけと 言われても', '抑えるコトは もう出来ない', '燃える炎 気づいてよ', 'ヤメとけと 言われても', '抑えるコトは もう出来ない', '燃える炎 気づいてよ']",誰も止められない…キミ振り向かせたいずっと周りの視線気にして本当のキモチ隠していたけれど無謀でもイイ走り切れ届くまで!!ヤメとけと言われても抑えるコトはもう出来ない燃える炎気づいてよ1、10、100どれだけ想ってもドラマに今日もクランクインそうさ誰もが傷背負って生きてるいつまでもそれに甘えてばっかりじゃ自分がツマラナイ勢いつけ口火を切ろうみんなもついておいで!ヤメとけと言われても抑えるコトはもう出来ない燃える炎気づいてよヤメとけと言われても抑えるコトはもう出来ない燃える炎気づいてよ
Bounce!,"['さっきから感じるのさ', 'ストロボで 光るキミ']",さっきから感じるのさストロボで光るキミ
Dance in Paradise,['特別な夢 見せてあげるから'],特別な夢見せてあげるから
STAND UP,"['もう騙されない', 'さあ手を取って', '迷わないで', 'オレを信じればいい', 'どうなろうと構わない', '君しか欲しくない', 'たかぶる気持ち', 'もう戻れない', '震える瞳', '弄ぶように', '抱き寄せて', '愛しさの中で', 'どうなろうと構わない', '君しか欲しくない', 'どうなろうと構わない', 'どうなろうと構わない', '君しか欲しくない', '君しか欲しくない']",もう騙されないさあ手を取って迷わないでオレを信じればいいどうなろうと構わない君しか欲しくないたかぶる気持ちもう戻れない震える瞳弄ぶように抱き寄せて愛しさの中でどうなろうと構わない君しか欲しくないどうなろうと構わないどうなろうと構わない君しか欲しくない君しか欲しくない
STILL,"['消えそうな微笑み', '届かないぬくもり', '気の遠くなるような', '場所にいる気がするよ', '背を向けて眠り', 'どんな夢を見てるの?', 'もうたぶんそこには', 'このぼくはいないよね?', 'ぼくの知らない君がいても', 'まだこの手を放せないんだ', 'どんなに求めてみたところで', '心は縛れないのに', '放せない', 'いつも上の空', 'むなしい優しさ', 'ためらうさよならに', '気づかないふりしてる', '君の知らないぼくがいても', 'もうそれさえ気づけないんだ?', 'ごめんね、ぼくから切り出せれば', '自由にしてやれるのに', '終われない', 'もう一度あの声で', 'ぼくを呼んでくれ', '悲しみを眠らせて', 'ぼくの知らない君がいても', 'まだこの手を放せないんだ', 'どんなに求めてみたところで', '心は縛れないのに', '放せない', 'それでもぼくからあきらめない', '大好きな君の笑顔を', '想い出にできないから']",消えそうな微笑み届かないぬくもり気の遠くなるような場所にいる気がするよ背を向けて眠りどんな夢を見てるの?もうたぶんそこにはこのぼくはいないよね?ぼくの知らない君がいてもまだこの手を放せないんだどんなに求めてみたところで心は縛れないのに放せないいつも上の空むなしい優しさためらうさよならに気づかないふりしてる君の知らないぼくがいてももうそれさえ気づけないんだ?ごめんね、ぼくから切り出せれば自由にしてやれるのに終われないもう一度あの声でぼくを呼んでくれ悲しみを眠らせてぼくの知らない君がいてもまだこの手を放せないんだどんなに求めてみたところで心は縛れないのに放せないそれでもぼくからあきらめない大好きな君の笑顔を想い出にできないから
Magic,"['その瞳に吸い込まれて', 'いつの間にか', 'この視線はもう釘付けなんだ', '高鳴る胸', 'どうにも止まらない', '抱きしめたい…', 'でも消えてしまいそうで', 'この気持ちは届いてるのかな?', 'こころ奪う', '悪戯な魔法使い', 'よそ見したら見失うよ、なんて', 'シャツの袖をつかむ君を', 'どうしたらいいんだ?', 'だんだんどんどんぐんぐんと', '近づいてく', '気づけば腕の中', '抱きしめるよ', 'でも消えてしまわないで', '響いてくるその胸の鼓動が', 'そんな風に', '囁きかけて来るんだ', '生まれた時も', '出逢えたこと、', 'この奇跡を運命と呼ぶなら', '永遠まで、', 'その瞳に暮らしてたい', '抱きしめたい…', 'でも消えてしまいそうで', 'この気持ちは届いてるのかな?', 'こころ奪う', '悪戯な魔法使い']",その瞳に吸い込まれていつの間にかこの視線はもう釘付けなんだ高鳴る胸どうにも止まらない抱きしめたい…でも消えてしまいそうでこの気持ちは届いてるのかな?こころ奪う悪戯な魔法使いよそ見したら見失うよ、なんてシャツの袖をつかむ君をどうしたらいいんだ?だんだんどんどんぐんぐんと近づいてく気づけば腕の中抱きしめるよでも消えてしまわないで響いてくるその胸の鼓動がそんな風に囁きかけて来るんだ生まれた時も出逢えたこと、この奇跡を運命と呼ぶなら永遠まで、その瞳に暮らしてたい抱きしめたい…でも消えてしまいそうでこの気持ちは届いてるのかな?こころ奪う悪戯な魔法使い
有我在,"['當黑暗席捲而來 這世界好像已被寂寞深埋', '就連作夢都崩壞 我也會拼了命忍耐 為你存在', '愛讓我們義無反顧扮演了硬派', '也讓我們歇斯底里變成了病態', '或許我們 始終都沒有明白 愛只要瞬間精采', '別怕天塌下來 別怕剩下空白 你的世界有我在', '我們被思念主宰 總是手放不開而心被眼淚出賣', '誰能說不愛就不愛 最想念的那個人為什麼已不在', '愛讓我們義無反顧扮演了硬派', '也讓我們歇斯底里變成了病態', '或許我們始終都沒有明白 愛只要瞬間精采', '別怕天塌下來 別怕剩下空白 你的世界有我在', '別怕天塌下來 別怕剩下空白 你的世界有我在']",當黑暗席捲而來這世界好像已被寂寞深埋就連作夢都崩壞我也會拼了命忍耐為你存在愛讓我們義無反顧扮演了硬派也讓我們歇斯底里變成了病態或許我們始終都沒有明白愛只要瞬間精采別怕天塌下來別怕剩下空白你的世界有我在我們被思念主宰總是手放不開而心被眼淚出賣誰能說不愛就不愛最想念的那個人為什麼已不在愛讓我們義無反顧扮演了硬派也讓我們歇斯底里變成了病態或許我們始終都沒有明白愛只要瞬間精采別怕天塌下來別怕剩下空白你的世界有我在別怕天塌下來別怕剩下空白你的世界有我在
全城熱愛,"['何必要把愛隱形藏起來', '快樂狂飆跟低調說掰掰', '科技體感沒有發明 真愛', '全心打開 熱情都跳出來', '＊燃燒愛 寂寞就不在 感覺對就快表白', '心動起來 不怕末日到來', '感受 擁抱每份愛 別在螢幕前發呆', '全城舞動 跳動這精彩', '就要活的自在 全城熱愛起來', '愛～ 愛 愛～ 愛 愛愛愛', '愛～ 愛 愛～ 愛 愛愛愛愛愛愛愛愛愛愛愛愛愛愛愛', '追求快樂就是一種潮牌', '是單身或閃光族都不賴', '世界也沒有你想像的壞', '燃燒愛 寂寞就不在 感覺對就快表白', '心動起來 不怕末日到來', '感受 擁抱每份愛 別在螢幕前發呆', '全城舞動 跳動這精彩', '就要活的自在 全城熱愛起來', '愛～ 愛 愛～ 愛 愛愛愛', '愛～ 愛 愛～ 愛 愛愛愛', '愛～ (喔嗚喔)愛 愛～ (喔嗚喔)愛 愛愛愛', '愛～ (喔嗚喔)愛 愛～ (喔嗚喔)愛 愛愛愛愛愛愛']",何必要把愛隱形藏起來快樂狂飆跟低調說掰掰科技體感沒有發明真愛全心打開熱情都跳出來＊燃燒愛寂寞就不在感覺對就快表白心動起來不怕末日到來感受擁抱每份愛別在螢幕前發呆全城舞動跳動這精彩就要活的自在全城熱愛起來愛～愛愛～愛愛愛愛愛～愛愛～愛愛愛愛愛愛愛愛愛愛愛愛愛愛愛愛追求快樂就是一種潮牌是單身或閃光族都不賴世界也沒有你想像的壞燃燒愛寂寞就不在感覺對就快表白心動起來不怕末日到來感受擁抱每份愛別在螢幕前發呆全城舞動跳動這精彩就要活的自在全城熱愛起來愛～愛愛～愛愛愛愛愛～愛愛～愛愛愛愛愛～(喔嗚喔)愛愛～(喔嗚喔)愛愛愛愛愛～(喔嗚喔)愛愛～(喔嗚喔)愛愛愛愛愛愛愛
王見王,"['偶像劇 粉愛粉愛你 插曲', '笑起來甜蜜蜜 煩起來油膩膩 我竟然很在意', '羅志祥:', '都說不打不相識 擦槍走火因為你 我難道愛上你', '鬥嘴鬥得很開心 不見你都不對勁 連夢裡也是你', '合:', '愛情從天上掉下來 花朵從我心裡開出來', '要遇上對手不簡單 當戀愛王見王 誰也不換', '當戀愛王見王 誰來主宰', '羅志祥:', '你說美女如雲 為什麼纏著你 我自己也很吃驚', '被你呼來喚去 吵吵鬧鬧讓我覺得充滿了活力~', '楊丞琳:', '想不到的戀情 狀況外的相遇 這大概是註定', '不然你為什麼 能左右我的心 在雲端或谷底', '合:', '愛情從天上掉下來 花朵從我心裡開出來', '要遇上對手不簡單 當戀愛王見王 誰也不換', '當戀愛王見王 誰來主宰', '羅志祥:', '愛 愛愛愛 看我一枝獨秀', '合:', '愛情從天上掉下來 花朵從我心裡開出來', '要遇上對手不簡單 當戀愛王見王 誰也不換', '你配得上我的喜歡 我當得起你真心崇拜', '一天比一天離不開 當戀愛王見王 寂寞淘汰', '當戀愛王見王 誰來主宰']",偶像劇粉愛粉愛你插曲笑起來甜蜜蜜煩起來油膩膩我竟然很在意羅志祥:都說不打不相識擦槍走火因為你我難道愛上你鬥嘴鬥得很開心不見你都不對勁連夢裡也是你合:愛情從天上掉下來花朵從我心裡開出來要遇上對手不簡單當戀愛王見王誰也不換當戀愛王見王誰來主宰羅志祥:你說美女如雲為什麼纏著你我自己也很吃驚被你呼來喚去吵吵鬧鬧讓我覺得充滿了活力~楊丞琳:想不到的戀情狀況外的相遇這大概是註定不然你為什麼能左右我的心在雲端或谷底合:愛情從天上掉下來花朵從我心裡開出來要遇上對手不簡單當戀愛王見王誰也不換當戀愛王見王誰來主宰羅志祥:愛愛愛愛看我一枝獨秀合:愛情從天上掉下來花朵從我心裡開出來要遇上對手不簡單當戀愛王見王誰也不換你配得上我的喜歡我當得起你真心崇拜一天比一天離不開當戀愛王見王寂寞淘汰當戀愛王見王誰來主宰
不具名的悲傷,"['我沒有比 其他人強悍', '這沒有什麼好隱瞞', '淚水和你一樣燙 也會有心慌', '只是不代表我要對人講', '工作很忙 沒有誰不忙', '我在工作之間流浪', '剩下的未標示的時光 就像一個空罐', '找不到任何事情 可以填滿', '有一種情緒是不具名的悲傷', '跟我愛不到的那人彷彿無關', '只有回憶發出的悶響', '越聽越覺遺憾', '我可不可以什麼都不想', '這是你留給我不具名的悲傷', '我甚至說不出痛在哪個地方', '愛不費一顆子彈 靈魂卻洞穿', '我投降 能不能把記憶關上', '工作很忙 沒有誰不忙', '我在工作之間流浪', '剩下的未標示的時光 就像一個空罐', '找不到任何事情 可以填滿', '有一種情緒是不具名的悲傷', '跟我愛不到的那人彷彿無關', '只有回憶發出的悶響', '越聽越覺遺憾', '我可不可以什麼都不想', '這是你留給我不具名的悲傷', '我甚至說不出痛在哪個地方', '愛不費一顆子彈 靈魂卻洞穿', '我投降 能不能把記憶關上', '越強烈的愛後勁越強', '痛一直延長 在往後的每個夜晚', '我以為時間是最好的偏方', '治好的全都是皮外傷', '我的不具名的悲傷', '跟我愛不到的那人彷彿無關', '只有回憶發出的悶響', '越聽越覺遺憾', '我可不可以什麼都不想', '這是你留給我不具名的悲傷', '我甚至說不出痛在哪個地方', '愛不費一顆子彈 靈魂卻洞穿', '我投降 能不能把記憶關上', '我沒有比 其他人強悍', '這沒有什麼好隱瞞', '淚水和你一樣燙 也會有心慌', '只是不代表我要對人講', '＊工作很忙 沒有誰不忙', '我在工作之間流浪', '剩下的未標示的時光 就像一個空罐', '找不到任何事情 可以填滿', '＃有一種情緒是不具名的悲傷', '跟我愛不到的那人彷彿無關', '只有回憶發出的悶響', '越聽越覺遺憾', '我可不可以什麼都不想', '這是你留給我不具名的悲傷', '我甚至說不出痛在哪個地方', '愛不費一顆子彈 靈魂卻洞穿', '我投降 能不能把記憶關上', '越強烈的愛後勁越強', '痛一直延長 在往後的每個夜晚', '我以為時間是最好的偏方', '治好的全都是皮外傷', '我的不具名的悲傷', '跟我愛不到的那人彷彿無關', '只有回憶發出的悶響', '越聽越覺遺憾', '我可不可以什麼都不想', '這是你留給我不具名的悲傷', '我甚至說不出痛在哪個地方', '愛不費一顆子彈 靈魂卻洞穿', '我投降 能不能把記憶關上']",我沒有比其他人強悍這沒有什麼好隱瞞淚水和你一樣燙也會有心慌只是不代表我要對人講工作很忙沒有誰不忙我在工作之間流浪剩下的未標示的時光就像一個空罐找不到任何事情可以填滿有一種情緒是不具名的悲傷跟我愛不到的那人彷彿無關只有回憶發出的悶響越聽越覺遺憾我可不可以什麼都不想這是你留給我不具名的悲傷我甚至說不出痛在哪個地方愛不費一顆子彈靈魂卻洞穿我投降能不能把記憶關上工作很忙沒有誰不忙我在工作之間流浪剩下的未標示的時光就像一個空罐找不到任何事情可以填滿有一種情緒是不具名的悲傷跟我愛不到的那人彷彿無關只有回憶發出的悶響越聽越覺遺憾我可不可以什麼都不想這是你留給我不具名的悲傷我甚至說不出痛在哪個地方愛不費一顆子彈靈魂卻洞穿我投降能不能把記憶關上越強烈的愛後勁越強痛一直延長在往後的每個夜晚我以為時間是最好的偏方治好的全都是皮外傷我的不具名的悲傷跟我愛不到的那人彷彿無關只有回憶發出的悶響越聽越覺遺憾我可不可以什麼都不想這是你留給我不具名的悲傷我甚至說不出痛在哪個地方愛不費一顆子彈靈魂卻洞穿我投降能不能把記憶關上我沒有比其他人強悍這沒有什麼好隱瞞淚水和你一樣燙也會有心慌只是不代表我要對人講＊工作很忙沒有誰不忙我在工作之間流浪剩下的未標示的時光就像一個空罐找不到任何事情可以填滿＃有一種情緒是不具名的悲傷跟我愛不到的那人彷彿無關只有回憶發出的悶響越聽越覺遺憾我可不可以什麼都不想這是你留給我不具名的悲傷我甚至說不出痛在哪個地方愛不費一顆子彈靈魂卻洞穿我投降能不能把記憶關上越強烈的愛後勁越強痛一直延長在往後的每個夜晚我以為時間是最好的偏方治好的全都是皮外傷我的不具名的悲傷跟我愛不到的那人彷彿無關只有回憶發出的悶響越聽越覺遺憾我可不可以什麼都不想這是你留給我不具名的悲傷我甚至說不出痛在哪個地方愛不費一顆子彈靈魂卻洞穿我投降能不能把記憶關上
愛入非非,"['愛是致命的美 拼了命不後悔 去追', '遇上了偷心賊 愛非所愛傻一回 能怪誰', '我以爲我不會流淚 不累', '不會害怕寂寞整夜 失眠', '就快要人格分裂 摧毀了防備', '愛入非非 我變成你的誰', '你說的對 不該打死不退', '只是愛無可退 全世界都安慰', '我會 愛到對的誰', '想入非非 你變成我的誰', '你的眼角 不再為他心碎', '沒有眼淚 那有多完美', '愛該聰明的退 發了瘋打死結 無解', '我想我可以演 口是心非我最會 騙過誰', '我以為我騙過時間 倒退', '不再空想亂想一夜 崩潰', '愛了誰如此狼狽 我不曾後悔', '愛入非非 我變成你的誰', '你說的對 不該打死不退', '只是愛無可退 全世界都安慰', '我會 愛到對的誰', '想入非非 你變成我的誰', '你的眼角 不再為他心碎', '沒有眼淚 那有多完美', '愛入非非 我變成你的誰', '你說的對 不該打死不退', '只是愛無可退 全世界都安慰', '我會 愛到對的誰', '想入非非 你變成我的誰', '你的一切 不再為愛浪費', '沒有眼淚 愛有多完美']",愛是致命的美拼了命不後悔去追遇上了偷心賊愛非所愛傻一回能怪誰我以爲我不會流淚不累不會害怕寂寞整夜失眠就快要人格分裂摧毀了防備愛入非非我變成你的誰你說的對不該打死不退只是愛無可退全世界都安慰我會愛到對的誰想入非非你變成我的誰你的眼角不再為他心碎沒有眼淚那有多完美愛該聰明的退發了瘋打死結無解我想我可以演口是心非我最會騙過誰我以為我騙過時間倒退不再空想亂想一夜崩潰愛了誰如此狼狽我不曾後悔愛入非非我變成你的誰你說的對不該打死不退只是愛無可退全世界都安慰我會愛到對的誰想入非非你變成我的誰你的眼角不再為他心碎沒有眼淚那有多完美愛入非非我變成你的誰你說的對不該打死不退只是愛無可退全世界都安慰我會愛到對的誰想入非非你變成我的誰你的一切不再為愛浪費沒有眼淚愛有多完美
DANTE,"['釘付けだよ...', '君に会った 瞬間 月も逃げて行った', '絶対 叶うはずさ', 'だって こころは もう 君を', '待ち切れずに...壊れそう!', '理由はイラナイから', '今すぐ コチラにおいで。', '来る 来ない', 'いっそ ボクの手を引いて', 'ずっと 二人きりの世界なんて いいね', '全て 取り払って', '愛は 人を変えるみたい', '臆病者の ボクを', '強く 立ち上がらせる', 'キミのためなら... 飛べる', '理由はイラナイから', '今すぐ コチラにおいで', '来る ⇔ 来ない?', 'もう 誰も 止められない', '泣きたい時 頼ってね', 'ボクとなら 幸せになれる', '理由はイラナイから', '今すぐ コチラにおいで。', '来る ⇔ 来ない?']",釘付けだよ...君に会った瞬間月も逃げて行った絶対叶うはずさだってこころはもう君を待ち切れずに...壊れそう!理由はイラナイから今すぐコチラにおいで。来る来ないいっそボクの手を引いてずっと二人きりの世界なんていいね全て取り払って愛は人を変えるみたい臆病者のボクを強く立ち上がらせるキミのためなら...飛べる理由はイラナイから今すぐコチラにおいで来る⇔来ない?もう誰も止められない泣きたい時頼ってねボクとなら幸せになれる理由はイラナイから今すぐコチラにおいで。来る⇔来ない?
愛走秀,"['逛精品店也可以逛潮牌 就像我對你的愛', '多方位萬能發展 飛簷走壁很抱歉學不來', '整天黏著你 帶你趴趴走 簡單', '愛的伸展台 溫柔是名牌 時尚到未來要你在', '只為你獨家表演的愛', '能穿皮鞋 也能玩 衝浪板', '就像我對妳的愛 各種面貌 隨妳愛', '我想為妳 站上這 伸展台', '抬頭挺胸走 把真心都秀 出來', '我精心安排 愛要高姿態', '讓你像名模 被寵愛', '只要你明白 愛要有我才 精彩', '我們自己曬恩愛 多贊', '走愛的秀', '走愛的秀', '不用 羞 羞 羞', '愛何必 羞 羞 羞', '走愛的秀', '走愛的秀', '不用 羞 羞 羞', '愛何必 羞 羞 羞']",逛精品店也可以逛潮牌就像我對你的愛多方位萬能發展飛簷走壁很抱歉學不來整天黏著你帶你趴趴走簡單愛的伸展台溫柔是名牌時尚到未來要你在只為你獨家表演的愛能穿皮鞋也能玩衝浪板就像我對妳的愛各種面貌隨妳愛我想為妳站上這伸展台抬頭挺胸走把真心都秀出來我精心安排愛要高姿態讓你像名模被寵愛只要你明白愛要有我才精彩我們自己曬恩愛多贊走愛的秀走愛的秀不用羞羞羞愛何必羞羞羞走愛的秀走愛的秀不用羞羞羞愛何必羞羞羞
獨一無二Only You,"['妳的快樂 全都是我的對策 越拿妳沒輒 越要妳見識我的獨特', '妳想學衝浪 陪妳曬成炭', '還沒說要閃 絕對不想買單', '想熱鬧晚餐 我用力幫妳揪團', '擋 擋 擋不住 愛慘了才酷', '關 關 關不住 全天候的服務', '藏 藏 藏不住 想霸佔的企圖', '攔 攔 攔不住 中毒', '天乾物燥 小心 我愛的火燭', '要妳快樂 全都是我的政策 誰拿我沒輒 我偏要給妳我的獨特', '妳說妳怕胖 陪妳不吃飯', '妳流一滴汗 我變出遮陽傘', '不想出去玩 我兄弟暫時解散', '擋 擋 擋不住 愛慘了才酷', '關 關 關不住 全天候的服務', '藏 藏 藏不住 想霸佔的企圖', '攔 攔 攔不住 中毒', '天乾物燥 小心 我愛的火燭', '管他現在的我和我到底像不像', '要妳獨自欣賞(我要妳獨自欣賞)', '擋 擋 擋不住 愛慘了才酷', '關 關 關不住 全天候的服務', '藏 藏 藏不住 想霸佔的企圖', '攔 攔 攔不住 中毒', '天乾物燥 小心 我愛的火燭']",妳的快樂全都是我的對策越拿妳沒輒越要妳見識我的獨特妳想學衝浪陪妳曬成炭還沒說要閃絕對不想買單想熱鬧晚餐我用力幫妳揪團擋擋擋不住愛慘了才酷關關關不住全天候的服務藏藏藏不住想霸佔的企圖攔攔攔不住中毒天乾物燥小心我愛的火燭要妳快樂全都是我的政策誰拿我沒輒我偏要給妳我的獨特妳說妳怕胖陪妳不吃飯妳流一滴汗我變出遮陽傘不想出去玩我兄弟暫時解散擋擋擋不住愛慘了才酷關關關不住全天候的服務藏藏藏不住想霸佔的企圖攔攔攔不住中毒天乾物燥小心我愛的火燭管他現在的我和我到底像不像要妳獨自欣賞(我要妳獨自欣賞)擋擋擋不住愛慘了才酷關關關不住全天候的服務藏藏藏不住想霸佔的企圖攔攔攔不住中毒天乾物燥小心我愛的火燭
美麗的誤會,"['一個人關著燈在沙發上賴著', '想我們反反覆覆爭吵的那些藉口', '想我們開開心心喜歡對方的理由', '關了燈卻讓我看得更清楚傷口', '我真的愛妳 沒有妳沒有動力往前衝', '妳很愛我 沒有我妳也變得魂不守舍', '想用真心證明我沒有', '妳想的那樣花心浪漫又很多情', '帥等於花心 是誰訂的道理', '總會有破例 我只想愛妳', '美麗的誤會讓我們 越愛越像陌生人', '讓我們用力擁抱著 誤會慢慢融化了', '(慢慢消失了~)', '我的幸福不能 沒妳的手牽著', '我的未來不可以 沒有妳陪伴著', '愛其實可以很單純很快樂']",一個人關著燈在沙發上賴著想我們反反覆覆爭吵的那些藉口想我們開開心心喜歡對方的理由關了燈卻讓我看得更清楚傷口我真的愛妳沒有妳沒有動力往前衝妳很愛我沒有我妳也變得魂不守舍想用真心證明我沒有妳想的那樣花心浪漫又很多情帥等於花心是誰訂的道理總會有破例我只想愛妳美麗的誤會讓我們越愛越像陌生人讓我們用力擁抱著誤會慢慢融化了(慢慢消失了~)我的幸福不能沒妳的手牽著我的未來不可以沒有妳陪伴著愛其實可以很單純很快樂
拼什麼,"['我在拼 什麼 在意什麼最多', '人群走了燈光不再場地凌亂', '太多情緒鹹得像汗想停很難', '諷刺懷疑總是很酸一路糾纏', '冷眼冷語不看不管心卻敏感', '路燈擦亮午夜車窗 像淚光閃閃', '想要跟誰溫暖地交談 卻只有 我和孤單', '早上匆匆忙忙出門時 好在有燈忘了關', '像誰堅持等了整夜要給我陪伴', '我在拼 什麼 在意什麼最多', '為了什麼又累又寂寞', '不怕別人誤會了', '就怕最在乎的人 也不想懂', '有些時候我會做夢', '盼望 回過頭妳在身後', '溫柔看我 沒有不快樂 沒有逼我做抉擇', '懂我拼什麼 懂我最寶貝妳了', '懂妳讓我 多 痛']",我在拼什麼在意什麼最多人群走了燈光不再場地凌亂太多情緒鹹得像汗想停很難諷刺懷疑總是很酸一路糾纏冷眼冷語不看不管心卻敏感路燈擦亮午夜車窗像淚光閃閃想要跟誰溫暖地交談卻只有我和孤單早上匆匆忙忙出門時好在有燈忘了關像誰堅持等了整夜要給我陪伴我在拼什麼在意什麼最多為了什麼又累又寂寞不怕別人誤會了就怕最在乎的人也不想懂有些時候我會做夢盼望回過頭妳在身後溫柔看我沒有不快樂沒有逼我做抉擇懂我拼什麼懂我最寶貝妳了懂妳讓我多痛
TOUCH MY HEART,"['是她 就是她 兇手是她', '把我的心綁架', '要我拿愛 交換', '她很傻 她真傻 她真的傻', '愛早就放在那', '毫無保留 給她', '模仿她說話 表情誇張 吃飯不加辣', '我慢慢也被她同化', '吃蛋糕也裝驚訝', '心像冰淇淋漸漸融化', '穿透我所有的想法', '畫面全都是她', '是她吧 是我吧 巧合吧', '每天造型很搭', '默契好到爆炸', '模仿我搞笑 像個傻瓜 說著冷笑話', '她慢慢也被我同化', '臥蠶跟我一樣大', '心被她甜蜜微笑秒殺', '她像我我像她 就讓', '愛把我們同化']",是她就是她兇手是她把我的心綁架要我拿愛交換她很傻她真傻她真的傻愛早就放在那毫無保留給她模仿她說話表情誇張吃飯不加辣我慢慢也被她同化吃蛋糕也裝驚訝心像冰淇淋漸漸融化穿透我所有的想法畫面全都是她是她吧是我吧巧合吧每天造型很搭默契好到爆炸模仿我搞笑像個傻瓜說著冷笑話她慢慢也被我同化臥蠶跟我一樣大心被她甜蜜微笑秒殺她像我我像她就讓愛把我們同化
舞所遁形,"['這已經 清楚到 不叫做線索', '每一個 小動作 (我不信妳真的看不懂)', '有些話 幹嘛非要明說', '我的愛 十年功 (我可不是哪個小囉囉)', '呼吸太沈重 含愛量過濃 肩膀打哆嗦 是愛得太火', '還要我 遵循傳統 未免顯得太弱', '嘴巴上 扯一扯 (男人會說真的信不過)', '師父說 男人少說多做', '把掌心 搓一搓 (溫度剛好能牽妳的手)', '心跳太激動 含愛量過濃 關節有節奏 是愛得太火', '緊要關頭選擇沉默 不是要立地成佛', '身體裡 太多騷動太多激動太多衝動', '變化成每一個動作 都為妳 放手一搏 一搏 一搏']",這已經清楚到不叫做線索每一個小動作(我不信妳真的看不懂)有些話幹嘛非要明說我的愛十年功(我可不是哪個小囉囉)呼吸太沈重含愛量過濃肩膀打哆嗦是愛得太火還要我遵循傳統未免顯得太弱嘴巴上扯一扯(男人會說真的信不過)師父說男人少說多做把掌心搓一搓(溫度剛好能牽妳的手)心跳太激動含愛量過濃關節有節奏是愛得太火緊要關頭選擇沉默不是要立地成佛身體裡太多騷動太多激動太多衝動變化成每一個動作都為妳放手一搏一搏一搏
怕安靜,"['我又幫自己 訂了場電影', '結果坐在廣場找你背影', '人來了又去', '我好懷念遲到有人會發脾氣', '手機有收訊 簡訊不是你', '打開了更讓人失望到底', '你走就走吧', '幹嘛留下每天沒看完的韓劇', '我想我真的怕安靜 少了你吵我不開心', '回家第一個開機 掩蓋所有的安靜', '說不定我能夠撐過去', '我想我真的怕安靜 連洗澡都要戴耳機', '打電動聲東擊西 一停我又怕想起', '唸我和愛我的人 我沒珍惜', '你愛的歌手 又出了專輯', '一樣好聽 可是特別痛心', '歌詞每一句', '根本辦不到還硬勸我要放棄', '我想我真的怕安靜 少了你吵我不開心', '回家第一個開機 掩蓋所有的安靜', '說不定我能夠撐過去', '我想我真的怕安靜 連洗澡都要戴耳機', '打電動聲東擊西 一停我又怕想起', '唸我和愛我的人 我沒珍惜', '把鬧鐘 設不停', '或許我 會清醒', '我想等下去可惜愛不能靠毅力', '要是我 挽回你', '你一定 更傷心', '愛一個人不一定要永遠在一起', '真的怕安靜', '不想去也硬要出去', '怎麼合唱的人不是你', '原來我這麼怕安靜 是怕再也聽不到你', '在廚房大聲唱歌 在沙發硬跟我擠', '讓我終於曉得 我有多愛你', '你已不再這裡']",我又幫自己訂了場電影結果坐在廣場找你背影人來了又去我好懷念遲到有人會發脾氣手機有收訊簡訊不是你打開了更讓人失望到底你走就走吧幹嘛留下每天沒看完的韓劇我想我真的怕安靜少了你吵我不開心回家第一個開機掩蓋所有的安靜說不定我能夠撐過去我想我真的怕安靜連洗澡都要戴耳機打電動聲東擊西一停我又怕想起唸我和愛我的人我沒珍惜你愛的歌手又出了專輯一樣好聽可是特別痛心歌詞每一句根本辦不到還硬勸我要放棄我想我真的怕安靜少了你吵我不開心回家第一個開機掩蓋所有的安靜說不定我能夠撐過去我想我真的怕安靜連洗澡都要戴耳機打電動聲東擊西一停我又怕想起唸我和愛我的人我沒珍惜把鬧鐘設不停或許我會清醒我想等下去可惜愛不能靠毅力要是我挽回你你一定更傷心愛一個人不一定要永遠在一起真的怕安靜不想去也硬要出去怎麼合唱的人不是你原來我這麼怕安靜是怕再也聽不到你在廚房大聲唱歌在沙發硬跟我擠讓我終於曉得我有多愛你你已不再這裡
強出頭,"['忠實地讀著 星座預言', '總是選擇性接受', '解釋心裡的迷惑', '卻逃避 自己犯下什麼錯', '我愛妳 每多一天', '越不願 承認妳不能愛我', '看不見 聽不見 我對我 在催眠', '彷彿一切沒變過', '愛是頑固的意念', '反覆斷裂又復原', '像一個 姓名地址寫錯的包裹', '再也寄不到 我也沒資格保留(我也不應該為你守候)', '不能重頭來過', '怪我強出頭 在意著妳太多', '壓抑每分鐘 想愛妳的念頭', '他讓妳難過 我給不了什麼', '我愛妳 永遠都不能說', '怪我強出頭 非要撐到最後', '是我不夠成熟 不死心 還想逗留', '謝謝妳沒有', '說破 這個故事 主角不是我', '恨自己那麼怕寂寞', '想為你作的事好多', '明知你要的只是 朋友的溫暖', '但我總是給成愛', '妳幸福了沒有 是與我無關的夢']",忠實地讀著星座預言總是選擇性接受解釋心裡的迷惑卻逃避自己犯下什麼錯我愛妳每多一天越不願承認妳不能愛我看不見聽不見我對我在催眠彷彿一切沒變過愛是頑固的意念反覆斷裂又復原像一個姓名地址寫錯的包裹再也寄不到我也沒資格保留(我也不應該為你守候)不能重頭來過怪我強出頭在意著妳太多壓抑每分鐘想愛妳的念頭他讓妳難過我給不了什麼我愛妳永遠都不能說怪我強出頭非要撐到最後是我不夠成熟不死心還想逗留謝謝妳沒有說破這個故事主角不是我恨自己那麼怕寂寞想為你作的事好多明知你要的只是朋友的溫暖但我總是給成愛妳幸福了沒有是與我無關的夢
獨一無二Only You,"['妳的快樂 全都是我的對策      越拿妳沒輒  越要妳見識我的獨特', '妳想學衝浪  陪妳曬成炭', '還沒說要閃  絕對不想買單', '想熱鬧晚餐  我用力幫妳揪團', '擋 擋 擋不住  愛慘了才酷', '關 關 關不住  全天候的服務', '藏 藏 藏不住 想霸佔的企圖', '攔 攔 攔不住 中毒', '天乾物燥  小心 我愛的火燭', '要妳快樂   全都是我的政策     誰拿我沒輒  我偏要給妳我的獨特', '妳說妳怕胖   陪妳不吃飯     妳流一滴汗  我變出遮陽傘', '不想出去玩  我兄弟暫時解散', '擋 擋 擋不住 愛慘了才酷', '關 關 關不住 全天候的服務', '藏 藏 藏不住 想霸佔的企圖', '攔 攔 攔不住 中毒', '天乾物燥 小心 我愛的火燭', '管他現在的我和我到底像不像', '要妳獨自欣賞(我要妳獨自欣賞)', '擋 擋 擋不住 愛慘了才酷', '關 關 關不住 全天候的服務', '藏 藏 藏不住 想霸佔的企圖', '攔 攔 攔不住 中毒', '天乾物燥 小心 我愛的火燭']",妳的快樂全都是我的對策越拿妳沒輒越要妳見識我的獨特妳想學衝浪陪妳曬成炭還沒說要閃絕對不想買單想熱鬧晚餐我用力幫妳揪團擋擋擋不住愛慘了才酷關關關不住全天候的服務藏藏藏不住想霸佔的企圖攔攔攔不住中毒天乾物燥小心我愛的火燭要妳快樂全都是我的政策誰拿我沒輒我偏要給妳我的獨特妳說妳怕胖陪妳不吃飯妳流一滴汗我變出遮陽傘不想出去玩我兄弟暫時解散擋擋擋不住愛慘了才酷關關關不住全天候的服務藏藏藏不住想霸佔的企圖攔攔攔不住中毒天乾物燥小心我愛的火燭管他現在的我和我到底像不像要妳獨自欣賞(我要妳獨自欣賞)擋擋擋不住愛慘了才酷關關關不住全天候的服務藏藏藏不住想霸佔的企圖攔攔攔不住中毒天乾物燥小心我愛的火燭
美麗的誤會,"['一個人關著燈在沙發上賴著', '想我們反反覆覆爭吵的那些藉口', '想我們開開心心喜歡對方的理由', '關了燈卻讓我看得更清楚傷口', '(我真的愛妳) 沒有妳沒有動力往前衝', '(妳很愛我) 沒有我妳也變得魂不守舍', '想用真心證明我沒有', '妳想的那樣花心浪漫又很多情', '帥等於花心  是誰訂的道理', '總會有破例  我只想愛妳', '美麗的誤會讓我們 越愛越像陌生人', '讓我們用力擁抱著 誤會慢慢融化了', '我的幸福不能  沒妳的手牽著', '我的未來不可以 沒有妳陪伴著', '愛其實可以很單純很快樂']",一個人關著燈在沙發上賴著想我們反反覆覆爭吵的那些藉口想我們開開心心喜歡對方的理由關了燈卻讓我看得更清楚傷口(我真的愛妳)沒有妳沒有動力往前衝(妳很愛我)沒有我妳也變得魂不守舍想用真心證明我沒有妳想的那樣花心浪漫又很多情帥等於花心是誰訂的道理總會有破例我只想愛妳美麗的誤會讓我們越愛越像陌生人讓我們用力擁抱著誤會慢慢融化了我的幸福不能沒妳的手牽著我的未來不可以沒有妳陪伴著愛其實可以很單純很快樂
拼什麼,"['我在拼 什麼 在意什麼最多', '人群走了燈光不再場地凌亂', '太多情緒鹹得像汗想停很難', '諷刺懷疑總是很酸一路糾纏', '冷眼冷語不看不管心卻敏感', '路燈擦亮午夜車窗 像淚光閃閃', '想要跟誰溫暖地交談 卻只有 我和孤單', '早上匆匆忙忙出門時 好在有燈忘了關', '像誰堅持等了整夜要給我陪伴', '我在拼 什麼 在意什麼最多', '為了什麼又累又寂寞', '不怕別人誤會了', '就怕最在乎的人 也不想懂', '有些時候我會做夢', '盼望 回過頭妳在身後', '溫柔看我 沒有不快樂 沒有逼我做抉擇', '懂我拼什麼 懂我最寶貝妳了', '人群走了燈光不再場地凌亂', '太多情緒鹹得像汗想停很難', '諷刺懷疑總是很酸一路糾纏', '冷眼冷語不看不管心卻敏感', '路燈擦亮午夜車窗 像淚光閃閃', '想要跟誰溫暖地交談 卻只有 我和孤單', '早上匆匆忙忙出門時 好在有燈忘了關', '像誰堅持等了整夜要給我陪伴', '我在拼 什麼 在意什麼最多', '為了什麼又累又寂寞', '不怕別人誤會了', '就怕最在乎的人 也不想懂', '有些時候我會做夢', '盼望 回過頭妳在身後', '溫柔看我 沒有不快樂 沒有逼我做抉擇', '懂我拼什麼 懂我最寶貝妳了', '懂妳讓我 多 痛']",我在拼什麼在意什麼最多人群走了燈光不再場地凌亂太多情緒鹹得像汗想停很難諷刺懷疑總是很酸一路糾纏冷眼冷語不看不管心卻敏感路燈擦亮午夜車窗像淚光閃閃想要跟誰溫暖地交談卻只有我和孤單早上匆匆忙忙出門時好在有燈忘了關像誰堅持等了整夜要給我陪伴我在拼什麼在意什麼最多為了什麼又累又寂寞不怕別人誤會了就怕最在乎的人也不想懂有些時候我會做夢盼望回過頭妳在身後溫柔看我沒有不快樂沒有逼我做抉擇懂我拼什麼懂我最寶貝妳了人群走了燈光不再場地凌亂太多情緒鹹得像汗想停很難諷刺懷疑總是很酸一路糾纏冷眼冷語不看不管心卻敏感路燈擦亮午夜車窗像淚光閃閃想要跟誰溫暖地交談卻只有我和孤單早上匆匆忙忙出門時好在有燈忘了關像誰堅持等了整夜要給我陪伴我在拼什麼在意什麼最多為了什麼又累又寂寞不怕別人誤會了就怕最在乎的人也不想懂有些時候我會做夢盼望回過頭妳在身後溫柔看我沒有不快樂沒有逼我做抉擇懂我拼什麼懂我最寶貝妳了懂妳讓我多痛
TOUCH MY HEART,"['是她  就是她  兇手是她', '把我的心綁架', '要我拿愛  交換', '她很傻  她真傻  她真的傻', '愛早就放在那', '毫無保留  給她', '模仿她說話  表情誇張  吃飯不加辣', '我慢慢也被她同化', '吃蛋糕也裝驚訝', '心像冰淇淋漸漸融化', '穿透我所有的想法', '畫面全都是她', '是她吧  是我吧  巧合吧', '每天造型很搭', '默契好到爆炸', '模仿我搞笑  像個傻瓜  說著冷笑話', '她慢慢也被我同化', '臥蠶跟我一樣大', '心被她甜蜜微笑秒殺', '她像我我像她  就讓', '愛把我們同化']",是她就是她兇手是她把我的心綁架要我拿愛交換她很傻她真傻她真的傻愛早就放在那毫無保留給她模仿她說話表情誇張吃飯不加辣我慢慢也被她同化吃蛋糕也裝驚訝心像冰淇淋漸漸融化穿透我所有的想法畫面全都是她是她吧是我吧巧合吧每天造型很搭默契好到爆炸模仿我搞笑像個傻瓜說著冷笑話她慢慢也被我同化臥蠶跟我一樣大心被她甜蜜微笑秒殺她像我我像她就讓愛把我們同化
舞所遁形,"['這已經  清楚到 不叫做線索', '每一個  小動作 (我不信妳真的看不懂)', '有些話  幹嘛非要明說', '我的愛 十年功 (我可不是哪個小囉囉)', '呼吸太沉重 含愛量過濃 肩膀打哆嗦 是愛得太火', '還要我  遵循傳統  未免顯得太弱', '嘴巴上  扯一扯 (男人會說真的信不過)', '師父說  男人少說多做', '把掌心  搓一搓 (溫度剛好能牽妳的手)', '心跳太激動   含愛量過濃      關節有節奏   是愛得太火', '緊要關頭選擇沉默  不是要立地成佛', '身體裡 太多騷動太多激動太多衝動', '變化成每一個動作  都為妳 放手一搏  一搏  一搏']",這已經清楚到不叫做線索每一個小動作(我不信妳真的看不懂)有些話幹嘛非要明說我的愛十年功(我可不是哪個小囉囉)呼吸太沉重含愛量過濃肩膀打哆嗦是愛得太火還要我遵循傳統未免顯得太弱嘴巴上扯一扯(男人會說真的信不過)師父說男人少說多做把掌心搓一搓(溫度剛好能牽妳的手)心跳太激動含愛量過濃關節有節奏是愛得太火緊要關頭選擇沉默不是要立地成佛身體裡太多騷動太多激動太多衝動變化成每一個動作都為妳放手一搏一搏一搏
怕安靜,"['我又幫自己 訂了場電影', '結果坐在廣場找你背影', '人來了又去', '我好懷念遲到有人會發脾氣', '手機有收訊 簡訊不是你', '打開了更讓人失望到底', '你走就走吧', '幹嘛留下每天沒看完的韓劇', '我想我真的怕安靜 少了你吵我不開心', '回家第一個開機 掩蓋所有的安靜', '說不定我能夠撐過去', '我想我真的怕安靜 連洗澡都要戴耳機', '打電動聲東擊西 一停我又怕想起', '唸我和愛我的人 我沒珍惜', '你愛的歌手 又出了專輯', '一樣好聽 可是特別痛心', '歌詞每一句', '根本辦不到還硬勸我要放棄', '我想我真的怕安靜 少了你吵我不開心', '回家第一個開機 掩蓋所有的安靜', '說不定我能夠撐過去', '我想我真的怕安靜 連洗澡都要戴耳機', '打電動聲東擊西 一停我又怕想起', '唸我和愛我的人 我沒珍惜', '把鬧鐘 設不停', '或許我 會清醒', '我想等下去可惜愛不能靠毅力', '要是我 挽回你', '你一定 更傷心', '愛一個人不一定要永遠在一起', '真的怕安靜', '不想去也硬要出去', '怎麼合唱的人不是你', '原來我這麼怕安靜 是怕再也聽不到你', '在廚房大聲唱歌 在沙發硬跟我擠', '讓我終於曉得 我有多愛你', '你已不在這裡']",我又幫自己訂了場電影結果坐在廣場找你背影人來了又去我好懷念遲到有人會發脾氣手機有收訊簡訊不是你打開了更讓人失望到底你走就走吧幹嘛留下每天沒看完的韓劇我想我真的怕安靜少了你吵我不開心回家第一個開機掩蓋所有的安靜說不定我能夠撐過去我想我真的怕安靜連洗澡都要戴耳機打電動聲東擊西一停我又怕想起唸我和愛我的人我沒珍惜你愛的歌手又出了專輯一樣好聽可是特別痛心歌詞每一句根本辦不到還硬勸我要放棄我想我真的怕安靜少了你吵我不開心回家第一個開機掩蓋所有的安靜說不定我能夠撐過去我想我真的怕安靜連洗澡都要戴耳機打電動聲東擊西一停我又怕想起唸我和愛我的人我沒珍惜把鬧鐘設不停或許我會清醒我想等下去可惜愛不能靠毅力要是我挽回你你一定更傷心愛一個人不一定要永遠在一起真的怕安靜不想去也硬要出去怎麼合唱的人不是你原來我這麼怕安靜是怕再也聽不到你在廚房大聲唱歌在沙發硬跟我擠讓我終於曉得我有多愛你你已不在這裡
Show Time,"['(沒有人認識今天晚上的我)', '(我可是台灣代表)', '(最看不灌別人嗆我亂來)', '(把手舉起來 來吧 把手舉起來)', '(沒有自信的人 請走開)', '(好玩嗎?無聊吧?一定很好玩吧)', '我知道你嫉妒我 但是除了比我醜 你還有什麼贏過我', '看看我的舌頭 親過的馬子比你多 也比你快唷', '甘工哩歌攏恩栽 現在流行什麼', '過去的歌都一樣 我們叫它芭樂', '現在的歌快一樣 全部換成碎碎唸', '我的汗流有了幾斤 我一直動一直動不停', '跟著我一起深呼吸 我要繼續直到沒氣', '喔~ 耶...', '叮叮~這個大鼓 叮叮~這個小鼓', '我的媽媽 就已經比你強 誰要跟我尬呀 誰要跟我尬', '(台)免驚 別這麼瞎 跟著我的拍子 把頭點到變傻瓜', '你的褲子是夠垮 只要你不要皮皮ㄘㄨㄚˋ']",(沒有人認識今天晚上的我)(我可是台灣代表)(最看不灌別人嗆我亂來)(把手舉起來來吧把手舉起來)(沒有自信的人請走開)(好玩嗎?無聊吧?一定很好玩吧)我知道你嫉妒我但是除了比我醜你還有什麼贏過我看看我的舌頭親過的馬子比你多也比你快唷甘工哩歌攏恩栽現在流行什麼過去的歌都一樣我們叫它芭樂現在的歌快一樣全部換成碎碎唸我的汗流有了幾斤我一直動一直動不停跟著我一起深呼吸我要繼續直到沒氣喔~耶...叮叮~這個大鼓叮叮~這個小鼓我的媽媽就已經比你強誰要跟我尬呀誰要跟我尬(台)免驚別這麼瞎跟著我的拍子把頭點到變傻瓜你的褲子是夠垮只要你不要皮皮ㄘㄨㄚˋ
愛* 轉角,"['我偽裝著 不露痕跡的', '想在你身邊 靜靜的陪著看著天邊', '騎著單車 往前行進著', '某個路口 愛在等著', '你往前走 不回頭看了', '記憶的笑臉 緩緩的敲著 我的琴鍵', '我不捨得 讓你孤單單的', '我愛你的 心牽掛著', '心不再拚命躲 不去害怕結果', '假設有個以後 你會怎麼說', '一直想跟你說 幸福不再溜走', '下個路口 你會看見愛 有美麗笑容', '愛轉角遇見了誰 是否有愛情的美', '愛轉角以後的街 能不能有我來陪', '愛轉角遇見了誰 是否不讓你流淚', '也許陌生到了解 讓我來當你的誰', '我不讓愛掉眼淚(不讓愛掉眼淚)', '不讓你掉眼淚(不讓你掉眼淚)', '現在永遠 你就是我 就是我的美', '心不再拚命躲 不去害怕結果', '假設有個以後 你會怎麼說', '一直想跟你說 幸福不再溜走', '下個路口 你會看見愛 有美麗笑容', '愛轉角遇見了誰 是否有愛情的美', '愛轉角以後的街 能不能有我來陪', '愛轉角遇見了誰 是否不讓你流淚', '也許陌生到了解 讓我來當你的誰', '我不讓愛掉眼淚(不讓愛掉眼淚)', '不讓你掉眼淚(不讓你掉眼淚)', '現在永遠 你就是我 就是我的美', '愛轉角遇見了誰 是否有愛情的美', '愛轉角以後的街 能不能有我來陪', '愛轉角遇見了誰 是否不讓你流淚', '將寂寞孤單作廢 讓我來當你的誰', '我不讓愛掉眼淚(不讓愛掉眼淚)', '不讓你掉眼淚(不讓你掉眼淚)', '現在永遠 你就是我 就是我的美']",我偽裝著不露痕跡的想在你身邊靜靜的陪著看著天邊騎著單車往前行進著某個路口愛在等著你往前走不回頭看了記憶的笑臉緩緩的敲著我的琴鍵我不捨得讓你孤單單的我愛你的心牽掛著心不再拚命躲不去害怕結果假設有個以後你會怎麼說一直想跟你說幸福不再溜走下個路口你會看見愛有美麗笑容愛轉角遇見了誰是否有愛情的美愛轉角以後的街能不能有我來陪愛轉角遇見了誰是否不讓你流淚也許陌生到了解讓我來當你的誰我不讓愛掉眼淚(不讓愛掉眼淚)不讓你掉眼淚(不讓你掉眼淚)現在永遠你就是我就是我的美心不再拚命躲不去害怕結果假設有個以後你會怎麼說一直想跟你說幸福不再溜走下個路口你會看見愛有美麗笑容愛轉角遇見了誰是否有愛情的美愛轉角以後的街能不能有我來陪愛轉角遇見了誰是否不讓你流淚也許陌生到了解讓我來當你的誰我不讓愛掉眼淚(不讓愛掉眼淚)不讓你掉眼淚(不讓你掉眼淚)現在永遠你就是我就是我的美愛轉角遇見了誰是否有愛情的美愛轉角以後的街能不能有我來陪愛轉角遇見了誰是否不讓你流淚將寂寞孤單作廢讓我來當你的誰我不讓愛掉眼淚(不讓愛掉眼淚)不讓你掉眼淚(不讓你掉眼淚)現在永遠你就是我就是我的美
狐狸精,"['不要以為我沒發現 你又偷偷跑去跟她見面', '不要問我什麼意見 你的眼神明明就是有鬼', '我的警告這是最後一遍 如果你還一樣不知檢點', '跟那隻狐狸精閃一邊離開我的視線', '又怎麼了我的大小姐(不必諂媚) 我不過是去喝杯咖啡(鬼話連篇)', '電話不接還擺張臭臉(看你表現) 你不要又來藉題發揮', '狐狸精她太不要臉 陰魂不散真的 討厭(會嗎)', '走在路上不管是誰她都一樣亂拋 媚眼(怎樣)', '我的警告這是最後一遍 如果你要分手我也隨便', '你最好快認錯快道歉 不要再裝可憐', '不要再拿分手當威脅(誰又怕誰) 整天把狐狸精掛嘴邊(是她犯賤)', '反省一下是你小心眼(你不要臉) 還是嫉妒她比你更美', '因為你每次都愛大驚小怪 自己亂想亂掰 懷疑我的清白', '(是你不知好歹)', '去 所以我每次跟朋友吃完飯即使是男生 我也懶得說出來', '你說你應不應該習慣改一改 或者我就不再耍賴不耐煩', '然後你多學學別人怎麼撒嬌一張嘴巴碎碎唸這麼快 趕著去投胎啊', '她以為她自己很美 男人看了都會為她心碎(有嗎)', '我是越看越不順眼 你到底要站在誰那一邊(中間)', '我的警告這是最後一遍 如果你還一樣不知檢點', '跟那隻狐狸精閃一邊離開我的視線', '實在會氣到七竅生煙(算你倒楣) 只想要直接給你一拳(你想的美)', '丟到外太空去吃大便(你豬八戒) 眼不見為淨比較乾脆', '狐狸精狐狸精狐狸精真是討厭 狐狸精狐狸精狐狸精快滾一邊', '狐狸精狐狸精我就是看不順眼 狐狸精狐狸精狐狸精我最討厭', '啊~', '賣擱碎碎唸 賣擱碎碎唸(哼) 賣擱碎碎唸 賣擱碎碎唸(哼)', '賣擱碎碎唸 賣擱碎碎唸(啊~) 賣擱碎碎唸 我無想要聽(阿答)']",不要以為我沒發現你又偷偷跑去跟她見面不要問我什麼意見你的眼神明明就是有鬼我的警告這是最後一遍如果你還一樣不知檢點跟那隻狐狸精閃一邊離開我的視線又怎麼了我的大小姐(不必諂媚)我不過是去喝杯咖啡(鬼話連篇)電話不接還擺張臭臉(看你表現)你不要又來藉題發揮狐狸精她太不要臉陰魂不散真的討厭(會嗎)走在路上不管是誰她都一樣亂拋媚眼(怎樣)我的警告這是最後一遍如果你要分手我也隨便你最好快認錯快道歉不要再裝可憐不要再拿分手當威脅(誰又怕誰)整天把狐狸精掛嘴邊(是她犯賤)反省一下是你小心眼(你不要臉)還是嫉妒她比你更美因為你每次都愛大驚小怪自己亂想亂掰懷疑我的清白(是你不知好歹)去所以我每次跟朋友吃完飯即使是男生我也懶得說出來你說你應不應該習慣改一改或者我就不再耍賴不耐煩然後你多學學別人怎麼撒嬌一張嘴巴碎碎唸這麼快趕著去投胎啊她以為她自己很美男人看了都會為她心碎(有嗎)我是越看越不順眼你到底要站在誰那一邊(中間)我的警告這是最後一遍如果你還一樣不知檢點跟那隻狐狸精閃一邊離開我的視線實在會氣到七竅生煙(算你倒楣)只想要直接給你一拳(你想的美)丟到外太空去吃大便(你豬八戒)眼不見為淨比較乾脆狐狸精狐狸精狐狸精真是討厭狐狸精狐狸精狐狸精快滾一邊狐狸精狐狸精我就是看不順眼狐狸精狐狸精狐狸精我最討厭啊~賣擱碎碎唸賣擱碎碎唸(哼)賣擱碎碎唸賣擱碎碎唸(哼)賣擱碎碎唸賣擱碎碎唸(啊~)賣擱碎碎唸我無想要聽(阿答)
敢不敢,"['愛的世界總在迎接許多意外 你那麼ㄍ一ㄥ 像在 拓荒的時代', '迷了路的你 倔強的女孩', '敢不敢 和我 玩一場 單挑的 愛情決戰', '我的規則其實很簡單 就只有 你~喜不喜歡 快選擇答案', '敢不敢 到我的懷 敢不敢 讓你自己被 疼愛', '敢不敢 和我 玩一場 單挑的 愛情決戰', '就像刺激的 俄羅斯輪盤 好奇嗎', '我的規則其實很簡單 就只有 你~喜不喜歡 快選擇答案', '敢不敢 到我的懷 敢不敢 讓你自己被 疼愛', '把你的想法說出來 別隱瞞 你的期待', '你敢不敢 愛我的壞 (一種讓你快樂的壞)', '敢不敢 讓你自己 被疼愛 (你值得被疼愛)', '敢不敢 到我的懷 敢不敢 讓你自己被 疼愛', '你敢不敢 戀愛']",愛的世界總在迎接許多意外你那麼ㄍ一ㄥ像在拓荒的時代迷了路的你倔強的女孩敢不敢和我玩一場單挑的愛情決戰我的規則其實很簡單就只有你~喜不喜歡快選擇答案敢不敢到我的懷敢不敢讓你自己被疼愛敢不敢和我玩一場單挑的愛情決戰就像刺激的俄羅斯輪盤好奇嗎我的規則其實很簡單就只有你~喜不喜歡快選擇答案敢不敢到我的懷敢不敢讓你自己被疼愛把你的想法說出來別隱瞞你的期待你敢不敢愛我的壞(一種讓你快樂的壞)敢不敢讓你自己被疼愛(你值得被疼愛)敢不敢到我的懷敢不敢讓你自己被疼愛你敢不敢戀愛
幸福獵人,"['你就像迷人的蜂蜜 也許我想這樣吃掉你', '(我想佈下愛情陷阱 等待時機等你靠近)', '我是真真真喜歡你', '你是超辣甜心 觸動反射神經 追你', '(我想把你吃定 拿出獵愛本領 追你)', '我是真真真喜歡你', '不要眼神飄移 假裝你不在意', '(雷達把愛鎖定 發射幸福愛你)', '123456 秀出獵人電流', '123456 不想欲擒故縱', '123456 秀出獵人電流', '123456 好朋友男朋友']",你就像迷人的蜂蜜也許我想這樣吃掉你(我想佈下愛情陷阱等待時機等你靠近)我是真真真喜歡你你是超辣甜心觸動反射神經追你(我想把你吃定拿出獵愛本領追你)我是真真真喜歡你不要眼神飄移假裝你不在意(雷達把愛鎖定發射幸福愛你)123456秀出獵人電流123456不想欲擒故縱123456秀出獵人電流123456好朋友男朋友
幾分,"['不管昨天 你對我說過了什麼', '今天的我還是依然 依然沉默', '兩個人生氣著 看著誰先捨不得', '何必這樣 來試探我們的緣份', '不管昨天 我對你說過了什麼', '今天的你還是依然 依然自我', '問著要到什麼時候 才會覺得無法忍受', '難道這樣 才證明愛得有多深', '所以愛有幾分 這是你不停的疑問', '你的心裡對我有多認真 何必執著在我的部份', '所以愛有幾分 這是你永遠的疑問', '只有最後 一切才有定論', '沒有值不值得 當失去了有什麼好爭', '就在轉身之後 我的不捨有多麼的真', '所以愛有幾分 這是你不停的疑問', '你的心裡對我有多認真 何必執著在我的部份', '所以愛有幾分 這是你永遠的疑問', '只有最後 一切才有定論', '只有最後 一切才有定論']",不管昨天你對我說過了什麼今天的我還是依然依然沉默兩個人生氣著看著誰先捨不得何必這樣來試探我們的緣份不管昨天我對你說過了什麼今天的你還是依然依然自我問著要到什麼時候才會覺得無法忍受難道這樣才證明愛得有多深所以愛有幾分這是你不停的疑問你的心裡對我有多認真何必執著在我的部份所以愛有幾分這是你永遠的疑問只有最後一切才有定論沒有值不值得當失去了有什麼好爭就在轉身之後我的不捨有多麼的真所以愛有幾分這是你不停的疑問你的心裡對我有多認真何必執著在我的部份所以愛有幾分這是你永遠的疑問只有最後一切才有定論只有最後一切才有定論
你是誰,"['不要讓我一直追 一直一直追 不上讓我一直缺 一直一直缺', '缺了一個人來陪 缺了一個人來黏 我的房間空的可憐', '小狗大狗在交配 一直一直吠 小狗大狗養一堆 比不上妹妹', '我的浪漫和體貼 我的俊美和智慧 都浪費 涼了半截', '不要讓我一直追 一直一直追 不上讓我一直缺 一直一直缺', '缺了那個我的誰 等著我的那個誰 哪一天他才會出現', '一天送一朵玫瑰 夾在你耳邊 一天種一個草莓 在你的指間', '幸運的寶貝是誰 我已經準備齊全 你是誰 請快點出現', '我要帶你一起飛 帶你跟我一起飛 轉一圈', '又一圈 當神仙(無時無刻都來嘴對嘴)', '我要告訴全世界 我要給你全世界 每一天', '我的天太完美(我的那個你 是誰是誰)']",不要讓我一直追一直一直追不上讓我一直缺一直一直缺缺了一個人來陪缺了一個人來黏我的房間空的可憐小狗大狗在交配一直一直吠小狗大狗養一堆比不上妹妹我的浪漫和體貼我的俊美和智慧都浪費涼了半截不要讓我一直追一直一直追不上讓我一直缺一直一直缺缺了那個我的誰等著我的那個誰哪一天他才會出現一天送一朵玫瑰夾在你耳邊一天種一個草莓在你的指間幸運的寶貝是誰我已經準備齊全你是誰請快點出現我要帶你一起飛帶你跟我一起飛轉一圈又一圈當神仙(無時無刻都來嘴對嘴)我要告訴全世界我要給你全世界每一天我的天太完美(我的那個你是誰是誰)
這一秒我哭了,"['聽 輕輕唱了一首歌 是什麼旋律 讓我想起你', '你 多麼冰冷的嘴唇 你決定真的要放手', '每一個夜好長 路走不完 和你去過的地方', '多麼冷的夜 我習慣這樣的生活', '你 這一年還好嗎', '總是擔心你的那個我 到底為什麼', '這一秒我哭了 無法多看你的背影', '看 這一幕片刻黃昏 什麼記憶讓你回頭 夜深人靜時候 我都難過', '沒有你在身邊 陪我 多麼冷的夜 沒有人逗留在街頭', '你 這一年還好嗎', '總是擔心你的那個我 到底為什麼', '這一秒我哭了 無法多看你的背影', '都已經失去了所有 那現在的我 還在等什麼', '一個人紀念 聽著你最愛的歌 我只能在你電話裡留話', '我 到底再等什麼', '總是擔心你的那個我 到底為什麼', '這一秒我哭了', '愛你的苦衷 沒有讓你快樂 為了一種感覺 停留']",聽輕輕唱了一首歌是什麼旋律讓我想起你你多麼冰冷的嘴唇你決定真的要放手每一個夜好長路走不完和你去過的地方多麼冷的夜我習慣這樣的生活你這一年還好嗎總是擔心你的那個我到底為什麼這一秒我哭了無法多看你的背影看這一幕片刻黃昏什麼記憶讓你回頭夜深人靜時候我都難過沒有你在身邊陪我多麼冷的夜沒有人逗留在街頭你這一年還好嗎總是擔心你的那個我到底為什麼這一秒我哭了無法多看你的背影都已經失去了所有那現在的我還在等什麼一個人紀念聽著你最愛的歌我只能在你電話裡留話我到底再等什麼總是擔心你的那個我到底為什麼這一秒我哭了愛你的苦衷沒有讓你快樂為了一種感覺停留
你說你的我說我的,"['太愛你把你佔為己有 每天要打給你好多通', '你說快受不了像這樣奪命連環摳', '太擔心 你被別人搶走 一想到即將失去你的以後', '反應過度的挽留 不知道這反而把你傷透', '也許我只是個不太懂愛的傢伙 我的方式錯了', '也許我只是個不太懂愛的傢伙 我不夠成熟', '你說你的我說我的 怎麼做才能算是溫柔', '你說我的我說你的 曾經也讓人又愛又痛', '你說過的我說過的 不好的通通往垃圾桶丟', '你說你的我說我的 你說你的我說我的', '你說我的我說你的 你說你的我說我的', '太愛你把你佔為己有 現在開始我要改變我', '不願意在看你傷心淚流 我要你快樂', '太擔心你被別人搶走 這只會讓我看起來不穩重', '我到現在才弄懂 愛需要更多的自由和包容', '也許我只是個不太懂愛的傢伙 我的方式錯了', '也許我只是個不太懂愛的傢伙 我不夠成熟', '你說你的我說我的 怎麼做才能算是溫柔', '你說我的我說你的 曾經也讓人又愛又痛', '你說過的我說過的 不好的通通往垃圾桶丟', '你說你的我說我的 嘟~', '你說我的我說你的 嘟~', '你說你的']",太愛你把你佔為己有每天要打給你好多通你說快受不了像這樣奪命連環摳太擔心你被別人搶走一想到即將失去你的以後反應過度的挽留不知道這反而把你傷透也許我只是個不太懂愛的傢伙我的方式錯了也許我只是個不太懂愛的傢伙我不夠成熟你說你的我說我的怎麼做才能算是溫柔你說我的我說你的曾經也讓人又愛又痛你說過的我說過的不好的通通往垃圾桶丟你說你的我說我的你說你的我說我的你說我的我說你的你說你的我說我的太愛你把你佔為己有現在開始我要改變我不願意在看你傷心淚流我要你快樂太擔心你被別人搶走這只會讓我看起來不穩重我到現在才弄懂愛需要更多的自由和包容也許我只是個不太懂愛的傢伙我的方式錯了也許我只是個不太懂愛的傢伙我不夠成熟你說你的我說我的怎麼做才能算是溫柔你說我的我說你的曾經也讓人又愛又痛你說過的我說過的不好的通通往垃圾桶丟你說你的我說我的嘟~你說我的我說你的嘟~你說你的
沒有你,"['我把回憶關進房間 眼前不斷浮現 有你陪我所有畫面', '朋友說我變的沉默 變的有些難過 鄰居都聽見了寂寞', '也許時間給的太少 沒有珍惜你的好', '城市太喧鬧 你沒有聽到 我不該把手放掉', '沒有了你 沒有愛情 什麼都已經是空氣', '這些沒有你的日子 沒有了自己', '沒有了你 沒有力氣 孤單香水卻來襲', '我想念你身上氣味 請給我 相互擁抱的機會', '你離開後我才明瞭 幸福已經溜掉 你也許都不會知道', '也許時間給的太少 沒有珍惜你的好', '城市太喧鬧 你沒有聽到 我不該把手放掉', '沒有了你 沒有愛情 什麼都已經是空氣', '這些沒有你的日子 沒有了自己', '沒有了你 沒有力氣 孤單香水卻來襲', '我想念你身上氣味 請給我 相互擁抱的機會', '愛情如果都是微笑 那多美好 天亮的太早', '再偷一秒 想你的笑 想聽你吵 才發現思念發酵 耶~', '沒有了你 沒有愛情 什麼都已經是空氣', '這些沒有你的日子 沒有了自己', '沒有了你 沒有力氣 孤單香水卻來襲', '我想念你身上氣味 請給我 相互擁抱的機會']",我把回憶關進房間眼前不斷浮現有你陪我所有畫面朋友說我變的沉默變的有些難過鄰居都聽見了寂寞也許時間給的太少沒有珍惜你的好城市太喧鬧你沒有聽到我不該把手放掉沒有了你沒有愛情什麼都已經是空氣這些沒有你的日子沒有了自己沒有了你沒有力氣孤單香水卻來襲我想念你身上氣味請給我相互擁抱的機會你離開後我才明瞭幸福已經溜掉你也許都不會知道也許時間給的太少沒有珍惜你的好城市太喧鬧你沒有聽到我不該把手放掉沒有了你沒有愛情什麼都已經是空氣這些沒有你的日子沒有了自己沒有了你沒有力氣孤單香水卻來襲我想念你身上氣味請給我相互擁抱的機會愛情如果都是微笑那多美好天亮的太早再偷一秒想你的笑想聽你吵才發現思念發酵耶~沒有了你沒有愛情什麼都已經是空氣這些沒有你的日子沒有了自己沒有了你沒有力氣孤單香水卻來襲我想念你身上氣味請給我相互擁抱的機會
漫無目的,"['我的眼睛完全沒有焦距 我的鼻孔忘了怎麼呼吸', '我的衣服忘了怎麼整理 漫無目的 想著你', '我的肌肉萎縮去了哪裡 我又語無倫次口齒不清', '我的思考開始沒有邏輯 漫無目的 都是你', '我的眼睛完全沒有焦距 我的鼻孔忘了怎麼呼吸', '我的衣服忘了怎麼整理 漫無目的 想著你', '我的肌肉萎縮去了哪裡 我又語無倫次口齒不清', '我的思考開始沒有邏輯 漫無目的 都是你', '原來愛情不是遊戲 碰到你換我被修理', '只是我似乎又樂意隨時隨地舉白旗', '原來愛情如此神奇 癱瘓我的所有神經', '只剩我的生理反應一直持續在進行']",我的眼睛完全沒有焦距我的鼻孔忘了怎麼呼吸我的衣服忘了怎麼整理漫無目的想著你我的肌肉萎縮去了哪裡我又語無倫次口齒不清我的思考開始沒有邏輯漫無目的都是你我的眼睛完全沒有焦距我的鼻孔忘了怎麼呼吸我的衣服忘了怎麼整理漫無目的想著你我的肌肉萎縮去了哪裡我又語無倫次口齒不清我的思考開始沒有邏輯漫無目的都是你原來愛情不是遊戲碰到你換我被修理只是我似乎又樂意隨時隨地舉白旗原來愛情如此神奇癱瘓我的所有神經只剩我的生理反應一直持續在進行
一無所有,"['我要等多久 我要等多久', '我等了多久 任憑時間流過 雖然習慣了寂寞', '可是我的心中一直有個缺口 繼續為誰完整保留', '有一顆星星 從海平面閃過 他來到我家門口', '當你感到脆弱的時候 讓我在你身邊守候 不放手', '幸福往往不一再等候 相遇不一定能擁有 我只想好好把握', '你的微笑讓我倍覺動容 當我偶然無助的時候', '也許我也曾經錯放什麼 而隨波逐流', '此刻我只想對你說 請讓我 陪你到每天盡頭', '我一無所有 除了你我一無所有 我一無所有', '只希望你能夠被我感動 當你感到脆弱的時候', '讓我在你身邊守候不放手 我一無所有', '因為我給了你所有 我一無所求 只要你能夠快樂我就足夠', '幸福往往不一再等候 相遇不一定能擁有 我只想好好把握', '我只想對你說 請讓我 陪你到每天盡頭', '也許這個世界並沒有 所謂的盡頭', '只是我門為所有的不同 尋求一個藉口', '當你劃破我的黑夜讓我看見白晝', '我怎能抓著寂寞不為你動容', '當我閉上眼 世界如此的廣闊', '我不懂 為什麼 你讓黑夜如白晝', '哪裡是宇宙的盡頭 誰會和我到盡頭', '不能僅抓著寂寞 解答所有的失控']",我要等多久我要等多久我等了多久任憑時間流過雖然習慣了寂寞可是我的心中一直有個缺口繼續為誰完整保留有一顆星星從海平面閃過他來到我家門口當你感到脆弱的時候讓我在你身邊守候不放手幸福往往不一再等候相遇不一定能擁有我只想好好把握你的微笑讓我倍覺動容當我偶然無助的時候也許我也曾經錯放什麼而隨波逐流此刻我只想對你說請讓我陪你到每天盡頭我一無所有除了你我一無所有我一無所有只希望你能夠被我感動當你感到脆弱的時候讓我在你身邊守候不放手我一無所有因為我給了你所有我一無所求只要你能夠快樂我就足夠幸福往往不一再等候相遇不一定能擁有我只想好好把握我只想對你說請讓我陪你到每天盡頭也許這個世界並沒有所謂的盡頭只是我門為所有的不同尋求一個藉口當你劃破我的黑夜讓我看見白晝我怎能抓著寂寞不為你動容當我閉上眼世界如此的廣闊我不懂為什麼你讓黑夜如白晝哪裡是宇宙的盡頭誰會和我到盡頭不能僅抓著寂寞解答所有的失控
All For You 精華組曲(好朋友/ 愛* 轉角/ 戀愛達人/ 真命天子/ 精舞門),"['你說我比較像你的好朋友 只是不小心擁抱著', '你道歉 你難過 於是我給你笑容', '誰在乎我的心 還會不會寂寞', '你說過 我是你最好的朋友 卻不應該再擁抱著', '你退縮 你冷漠 於是我放開雙手', '不在乎我的心 會永遠的寂寞', '愛轉角遇見了誰 是否有愛情的美', '愛轉角以後的街 能不能有我來陪', '愛轉角遇見了誰 是否不讓你流淚', '也許陌生到了解 讓我來當你的誰', '我不讓愛掉眼淚 不讓你掉眼淚', '現在永遠 你就是我 就是我的美', '戀愛達人的終點 就是追到你 沒有規則 這遊戲永遠繼續', '難怪 寂寞難耐容易作怪', '就算緣分不來 絕對不能承認失敗', '所謂看開 自我催眠自我交代', '就算節奏太快 也不能老是在狀況外', '沒有人說你不帥(快彩排)', '老天會替你安排 準備比賽', '遲早會找到真愛(急不來)', '當她向你走過來 別再發呆', '我有一條特別了不起的神經 越跳越帶勁', '無師自通任督二脈暢通無比 十八般武藝']",你說我比較像你的好朋友只是不小心擁抱著你道歉你難過於是我給你笑容誰在乎我的心還會不會寂寞你說過我是你最好的朋友卻不應該再擁抱著你退縮你冷漠於是我放開雙手不在乎我的心會永遠的寂寞愛轉角遇見了誰是否有愛情的美愛轉角以後的街能不能有我來陪愛轉角遇見了誰是否不讓你流淚也許陌生到了解讓我來當你的誰我不讓愛掉眼淚不讓你掉眼淚現在永遠你就是我就是我的美戀愛達人的終點就是追到你沒有規則這遊戲永遠繼續難怪寂寞難耐容易作怪就算緣分不來絕對不能承認失敗所謂看開自我催眠自我交代就算節奏太快也不能老是在狀況外沒有人說你不帥(快彩排)老天會替你安排準備比賽遲早會找到真愛(急不來)當她向你走過來別再發呆我有一條特別了不起的神經越跳越帶勁無師自通任督二脈暢通無比十八般武藝
戀愛達人(A Specialist In Love),"['給你一分鐘 若還不行動 你就是沒種 裝再酷也是都沒用', '眼神不能在乎 態度若有似無 妳自然就會 跟我走 請上鉤', '愛是個野東西 它讓我的心 變成了談戀愛的機器 誰遇見妳連達人也會認輸', '豬頭才會一直玩遊戲 耍心機', '(戀愛達人的終點 就是追到你 沒有規則 這遊戲永遠繼續']",給你一分鐘若還不行動你就是沒種裝再酷也是都沒用眼神不能在乎態度若有似無妳自然就會跟我走請上鉤愛是個野東西它讓我的心變成了談戀愛的機器誰遇見妳連達人也會認輸豬頭才會一直玩遊戲耍心機(戀愛達人的終點就是追到你沒有規則這遊戲永遠繼續
精舞門,"['預備起 行頭全部要帶齊 點名 準備 跟我上街去遊行', '小老弟 年輕耍酷那一丁點本領 洗耳恭聽 快卯起來學習', '大發善心 收徒弟 想要學習皮要繃緊 要跟我跟緊', '我有一條特別了不起的神經 越跳越帶勁', '無師自通任督二脈暢通無比 十八般武藝', '拎拎 聽說你想要報名 考慮 有沒有那根筋 我看一眼就搞定', '凡事都要照規定 精舞門裡什麼都ㄍ一ㄥ 不浪得虛名', '不能亂吃冰淇淋 矇眼睛 對待所有的敵人 都尊敬', '大半夜上床戴耳機 節奏當催眠的聲音 作夢都不停', '我有一條特別了不起的神經 越跳越帶勁', '無師自通任督二脈暢通無比 十八般武藝']",預備起行頭全部要帶齊點名準備跟我上街去遊行小老弟年輕耍酷那一丁點本領洗耳恭聽快卯起來學習大發善心收徒弟想要學習皮要繃緊要跟我跟緊我有一條特別了不起的神經越跳越帶勁無師自通任督二脈暢通無比十八般武藝拎拎聽說你想要報名考慮有沒有那根筋我看一眼就搞定凡事都要照規定精舞門裡什麼都ㄍ一ㄥ不浪得虛名不能亂吃冰淇淋矇眼睛對待所有的敵人都尊敬大半夜上床戴耳機節奏當催眠的聲音作夢都不停我有一條特別了不起的神經越跳越帶勁無師自通任督二脈暢通無比十八般武藝
小丑魚(Fish),"['我在你身邊游來游去 我不敢出聲 看著他親吻你眼不能閉', '看你的唇印還在那裡 你隔著玻璃所以聽不見 我在嘆息', '說不出口的秘密 永遠活在小小的世界裡', '僅存一點稀薄的氧氣 是否夠我繼續撐下去', '這件脫不下來的外衣 還是你喜歡的橘', '我不能確定 是否你曾經注意 我的眼淚流在透明的水裡', '發不出聲音的感慨 選擇作朋友的無奈', '只要你偶爾想起來 我就住在那片海', '等我轉過身 看妳眼神 才知道自己 想得太過天真 傷得太深', '愛來的時候 劃破沉悶 我早該知道 妳終究不是我 該愛的人', '黑暗中兩眼無神 夜裡不再為我開盞燈 始終不敢將愛說出口 當然沒有資格去競爭', '戀愛和失戀同時發生 怪自己枉費青春 我輸得徹底', '把臉深埋在水裡面 卻還要演好這一場戲', '發不出聲音的感慨 選擇作朋友的無奈', '只要你偶爾想起來 我就住在那片海', '那片海 眼看就要 讓我愈來愈遠 回不來', '從此 你的不愉快 那麼遙遠 誰聽你埋怨', '給你一點點愉快就 會心甘情願回到大海', '發不出聲音的感慨 選擇作朋友的無奈', '只要你偶爾想起來 我就住在那片海 那片海']",我在你身邊游來游去我不敢出聲看著他親吻你眼不能閉看你的唇印還在那裡你隔著玻璃所以聽不見我在嘆息說不出口的秘密永遠活在小小的世界裡僅存一點稀薄的氧氣是否夠我繼續撐下去這件脫不下來的外衣還是你喜歡的橘我不能確定是否你曾經注意我的眼淚流在透明的水裡發不出聲音的感慨選擇作朋友的無奈只要你偶爾想起來我就住在那片海等我轉過身看妳眼神才知道自己想得太過天真傷得太深愛來的時候劃破沉悶我早該知道妳終究不是我該愛的人黑暗中兩眼無神夜裡不再為我開盞燈始終不敢將愛說出口當然沒有資格去競爭戀愛和失戀同時發生怪自己枉費青春我輸得徹底把臉深埋在水裡面卻還要演好這一場戲發不出聲音的感慨選擇作朋友的無奈只要你偶爾想起來我就住在那片海那片海眼看就要讓我愈來愈遠回不來從此你的不愉快那麼遙遠誰聽你埋怨給你一點點愉快就會心甘情願回到大海發不出聲音的感慨選擇作朋友的無奈只要你偶爾想起來我就住在那片海那片海
機器娃娃(Machine Doll),"['我回到未來 還沒星際大戰 長生不老的仙丹一粒20塊', '死了可以耍賴 除非你被撞爛 趕快撿一塊皮 還有復活六百', '葬儀社都關起來 沒有人會用棺材 我已經四百零四歲還在跳地板', '轉 轉轉頭轉 轉到頭斷 來去復活六百 復活一次六百塊', '我又回到未來 開始人滿為患 規定活到五百歲一定要掰掰', '要不然 不能生小孩 不能搶飯碗 超過五百歲又不敢死的只能要飯', '人犯抓去關 有八次死刑可以判 英雄偉人為國爭光還有免死金牌', '我再回到未來 死不死都無奈 地球變成一個超級垃圾袋', '我們怎麼這麼有膽 有沒有愛 我們還想扮演上帝 怎麼辦', '我們怎麼這麼有膽 有沒有愛 我們繼續這樣演化 怎麼辦', '我愛上機器娃娃 說明書上有用法 我要把她帶回家 啦啦啦啦啦啦', '我愛上機器娃娃 她頭上插螺旋槳 我們要飛到天上 啦啦啦啦啦啦', '不用出門買賣 大家都是天才 沒有笨蛋的大自然真是超自然', '我再回到未來 病毒已經氾濫 細菌開始傳染 動物開始變態', '躲在家裡逃難 開罐頭有波菜 我們活在一個高科技的摩登時代', '我們怎麼這麼有膽 有沒有愛 我們還想扮演上帝 怎麼辦', '我們怎麼這麼有膽 有沒有愛 我們繼續這樣演化 怎麼辦', '我愛上機器娃娃 說明書上有用法 我要把她帶回家 啦啦啦啦啦啦', '我愛上機器娃娃 她頭上插螺旋槳 我們要飛到天上 啦啦啦啦啦啦', '擺擺臀 你叫我擺擺臀 可是我的腰身方方正正', '你要我叫哥哥 我乖乖叫哥哥 我還會邊叫哥哥邊唱歌', '不需要電池的 我吃的是太陽能 我的頭裝了一個紅綠燈', '你要我收垃圾 我不只會收垃圾 我還會表演垃圾肚裡吞', '這一切的一切太荒謬 我一天過一天這麼過', '過一關又一關的電動 我一步又一步被遙控', '這一切的一切太荒謬 我一天過一天這麼過', '過一關又一關的電動 我一步又一步被遙控', '我愛上機器娃娃 我能愛機器娃娃 那一天我的生活 只剩一個視窗', '我愛上機器娃娃 我能愛機器娃娃 我感到一陣冰涼 她不會叫媽媽']",我回到未來還沒星際大戰長生不老的仙丹一粒20塊死了可以耍賴除非你被撞爛趕快撿一塊皮還有復活六百葬儀社都關起來沒有人會用棺材我已經四百零四歲還在跳地板轉轉轉頭轉轉到頭斷來去復活六百復活一次六百塊我又回到未來開始人滿為患規定活到五百歲一定要掰掰要不然不能生小孩不能搶飯碗超過五百歲又不敢死的只能要飯人犯抓去關有八次死刑可以判英雄偉人為國爭光還有免死金牌我再回到未來死不死都無奈地球變成一個超級垃圾袋我們怎麼這麼有膽有沒有愛我們還想扮演上帝怎麼辦我們怎麼這麼有膽有沒有愛我們繼續這樣演化怎麼辦我愛上機器娃娃說明書上有用法我要把她帶回家啦啦啦啦啦啦我愛上機器娃娃她頭上插螺旋槳我們要飛到天上啦啦啦啦啦啦不用出門買賣大家都是天才沒有笨蛋的大自然真是超自然我再回到未來病毒已經氾濫細菌開始傳染動物開始變態躲在家裡逃難開罐頭有波菜我們活在一個高科技的摩登時代我們怎麼這麼有膽有沒有愛我們還想扮演上帝怎麼辦我們怎麼這麼有膽有沒有愛我們繼續這樣演化怎麼辦我愛上機器娃娃說明書上有用法我要把她帶回家啦啦啦啦啦啦我愛上機器娃娃她頭上插螺旋槳我們要飛到天上啦啦啦啦啦啦擺擺臀你叫我擺擺臀可是我的腰身方方正正你要我叫哥哥我乖乖叫哥哥我還會邊叫哥哥邊唱歌不需要電池的我吃的是太陽能我的頭裝了一個紅綠燈你要我收垃圾我不只會收垃圾我還會表演垃圾肚裡吞這一切的一切太荒謬我一天過一天這麼過過一關又一關的電動我一步又一步被遙控這一切的一切太荒謬我一天過一天這麼過過一關又一關的電動我一步又一步被遙控我愛上機器娃娃我能愛機器娃娃那一天我的生活只剩一個視窗我愛上機器娃娃我能愛機器娃娃我感到一陣冰涼她不會叫媽媽
瞎攪和(Mess Up),"['不懂 企鵝們都怎麼行走 東倒西歪對妳跟蹤 我已全年無休的狂熱', '超人能不能幫幫我 賞我一身顏色 讓妳誰不愛除了我 唯一的執著', '我就要開始瞎攪和 妳值得我失控 摘下的星座 通通讓妳選口紅', '我就要開始瞎攪和 把妳當心臟用 誰叫妳和我 已經愛進了時空', '怎麼 生活變成大時鐘 每天倒數等妳行蹤 誰又會幸福比我還多', '不懂 流星飛過怎麼匆匆 地心引力我不能動 妳的眼睛誰忍心遠走']",不懂企鵝們都怎麼行走東倒西歪對妳跟蹤我已全年無休的狂熱超人能不能幫幫我賞我一身顏色讓妳誰不愛除了我唯一的執著我就要開始瞎攪和妳值得我失控摘下的星座通通讓妳選口紅我就要開始瞎攪和把妳當心臟用誰叫妳和我已經愛進了時空怎麼生活變成大時鐘每天倒數等妳行蹤誰又會幸福比我還多不懂流星飛過怎麼匆匆地心引力我不能動妳的眼睛誰忍心遠走
咕嚕雞(Gulu Chicken),"['咕嚕咕嚕叫 咕嚕咕嚕叫 咕嚕咕嚕叫 咕嚕咕嚕叫', '咕嚕咕嚕叫 咕嚕咕嚕叫 不要變成一隻雞 好不好', '我家的屋頂 住著一隻公雞 一大早就啼 不是叫人早起', '雞眼睛瞇瞇 臭屁的要命 一直囉哩八唆炫耀毛之類的東西', '自以為得意 走路也要放屁 我等著看你 有天跩到抽筋', '看不起別人 也瞧瞧自己 還真的是目中無人的雞', '你的舉動能不能不要 太驕傲 你的尾椎能不能不要 翹太高', '你的心眼能不能不要 那麼小 你的嘴巴能不能不要 那麼吵', '咕嚕咕嚕叫 咕嚕咕嚕叫 咕嚕咕嚕叫 咕嚕咕嚕叫', '咕嚕咕嚕叫 咕嚕咕嚕叫 我就快被搞到受不了', '咕嚕咕嚕叫 咕嚕咕嚕叫 咕嚕咕嚕叫 咕嚕咕嚕叫', '咕嚕咕嚕叫 咕嚕咕嚕叫 你這隻永遠都不會飛的鳥', '我家的隔壁 聽說也有隻雞 隔壁的隔壁 聽說有２隻雞', '乾脆組個團 叫做物以類雞 省得比較自己屁股跟了幾隻小雞', '一肚子妙計 圍在一起算計 滿腦子心機 圍在一起談心', '把人當白癡 還要我相信 說什麼人話 你是我兄弟', '哼 哼 嘿嘿 嗚嗚 哼 哼 嘿嘿 嗚嗚', '哼 哼 嘿嘿 嗚嗚 哼 哼 嘿嘿 嗚鳴', '愛假 愛假 別裝模作樣 你有幾斤兩 誰不知道', '叫吧 叫吧 不要再囂張 有一天拔毛 我等著笑', '愛假 愛假 別裝模作樣 雞就是雞了 你不要怕', '叫吧 叫吧 不要再囂張 有一天下鍋 油會很燙', '咕嚕咕嚕叫 咕嚕咕嚕叫 咕嚕咕嚕叫 咕嚕咕嚕叫', '咕嚕咕嚕叫 咕嚕咕嚕叫 不要變成一隻雞 好不好', '咕嚕咕嚕叫 咕嚕咕嚕叫 咕嚕咕嚕叫 咕嚕咕嚕叫', '咕嚕咕嚕叫 咕嚕咕嚕叫 我不要變成一隻雞 好不好']",咕嚕咕嚕叫咕嚕咕嚕叫咕嚕咕嚕叫咕嚕咕嚕叫咕嚕咕嚕叫咕嚕咕嚕叫不要變成一隻雞好不好我家的屋頂住著一隻公雞一大早就啼不是叫人早起雞眼睛瞇瞇臭屁的要命一直囉哩八唆炫耀毛之類的東西自以為得意走路也要放屁我等著看你有天跩到抽筋看不起別人也瞧瞧自己還真的是目中無人的雞你的舉動能不能不要太驕傲你的尾椎能不能不要翹太高你的心眼能不能不要那麼小你的嘴巴能不能不要那麼吵咕嚕咕嚕叫咕嚕咕嚕叫咕嚕咕嚕叫咕嚕咕嚕叫咕嚕咕嚕叫咕嚕咕嚕叫我就快被搞到受不了咕嚕咕嚕叫咕嚕咕嚕叫咕嚕咕嚕叫咕嚕咕嚕叫咕嚕咕嚕叫咕嚕咕嚕叫你這隻永遠都不會飛的鳥我家的隔壁聽說也有隻雞隔壁的隔壁聽說有２隻雞乾脆組個團叫做物以類雞省得比較自己屁股跟了幾隻小雞一肚子妙計圍在一起算計滿腦子心機圍在一起談心把人當白癡還要我相信說什麼人話你是我兄弟哼哼嘿嘿嗚嗚哼哼嘿嘿嗚嗚哼哼嘿嘿嗚嗚哼哼嘿嘿嗚鳴愛假愛假別裝模作樣你有幾斤兩誰不知道叫吧叫吧不要再囂張有一天拔毛我等著笑愛假愛假別裝模作樣雞就是雞了你不要怕叫吧叫吧不要再囂張有一天下鍋油會很燙咕嚕咕嚕叫咕嚕咕嚕叫咕嚕咕嚕叫咕嚕咕嚕叫咕嚕咕嚕叫咕嚕咕嚕叫不要變成一隻雞好不好咕嚕咕嚕叫咕嚕咕嚕叫咕嚕咕嚕叫咕嚕咕嚕叫咕嚕咕嚕叫咕嚕咕嚕叫我不要變成一隻雞好不好
愛的主場秀(SHOW Trance Remix),"['氣溫太躁動 難過 競技場裡 觀眾太多', '歡聲 雷動 等愛被轉播', '誰在挺我 快說 來點掌聲 也不為過', '我想 打動 你的心裡頭', '第一回合敲鐘 紅色布幕揚動', '我和妳站兩頭 等等看是誰先主動', '給我一點笑容 骨子裡的衝動', '愛的主場秀 鬥智也鬥勇', '你也有手 偏偏要牽不牽 吊人胃口', '別ㄍㄧㄣ那麼久', '告白不必等壓軸', '我不介意 像這種小事交給我做', '氣溫太躁動 難過 競技場裡 觀眾太多', '歡聲 雷動 等愛被轉播', '誰在挺我 快說 來點掌聲 也不為過', '我想 打動 你的心裡頭', '第二回合敲鐘 紅色布幕揚動', '你試探性接受 我眼神發出的電波', '我沒有說什麼 是你在想什麼', '愛的主場秀 鬥智也鬥勇', '你臉紅紅 還說天氣太熱 明明害羞', '能攻能守 預告你的心 將屬於我', '愛的主場秀 必勝的念頭 我越戰越勇', '贏到你的心 獨一無二', '愛的主場秀 想和你交手 延長幾回合', '我用盡絕活', '愛的主場秀 鬥智也鬥勇', '你也有手 偏偏要牽不牽 吊人胃口', '別ㄍㄧㄣ那麼久', '告白不必等壓軸', '我不介意 像這種小事交給我做', '愛的主場秀 鬥智也鬥勇', '你臉紅紅 還說天氣太熱 明明害羞', '能攻能守 預告你的心 將屬於我', '愛的主場秀']",氣溫太躁動難過競技場裡觀眾太多歡聲雷動等愛被轉播誰在挺我快說來點掌聲也不為過我想打動你的心裡頭第一回合敲鐘紅色布幕揚動我和妳站兩頭等等看是誰先主動給我一點笑容骨子裡的衝動愛的主場秀鬥智也鬥勇你也有手偏偏要牽不牽吊人胃口別ㄍㄧㄣ那麼久告白不必等壓軸我不介意像這種小事交給我做氣溫太躁動難過競技場裡觀眾太多歡聲雷動等愛被轉播誰在挺我快說來點掌聲也不為過我想打動你的心裡頭第二回合敲鐘紅色布幕揚動你試探性接受我眼神發出的電波我沒有說什麼是你在想什麼愛的主場秀鬥智也鬥勇你臉紅紅還說天氣太熱明明害羞能攻能守預告你的心將屬於我愛的主場秀必勝的念頭我越戰越勇贏到你的心獨一無二愛的主場秀想和你交手延長幾回合我用盡絕活愛的主場秀鬥智也鬥勇你也有手偏偏要牽不牽吊人胃口別ㄍㄧㄣ那麼久告白不必等壓軸我不介意像這種小事交給我做愛的主場秀鬥智也鬥勇你臉紅紅還說天氣太熱明明害羞能攻能守預告你的心將屬於我愛的主場秀
箇中強手(Violent Electro Remix),"['無聊的生活 你還想過多久', '鬥志被埋沒 別怪罪都是懶惰', '汗要飆出火 成敗就這一刻', '要點燃熱血 跟兄弟併肩戰鬥', '我們 只拼到底', '不信 失敗有理', '打下 一個傳奇', '要你跟我一起', '就打破規則', '出手 就知有沒有', '箇中強手 那將是我', '有膽成英雄', '巔峰 不過是開頭', '心裡的節奏 就要衝出喉嚨', '現在倒數秒鐘 你跟我一起加油', '成功的顏色 讓別人看不透', '就掀起潮流 要世界跟隨 我', '我們 只拼到底', '不信 失敗有理', '打下 一個傳奇', '要你跟我一起', '就打破規則', '出手 就知有沒有', '箇中強手 那將是我', '有膽成英雄', '巔峰 不過是開頭', '懷疑 不會是我的座右銘', '自己 超越每個自己', '就打破規則', '出手 就知有沒有', '箇中強手 那將是我', '有膽成英雄', '巔峰 不過是開頭', '就打破規則', '出手 就知有沒有', '箇中強手 那將是我', '有膽成英雄', '巔峰 不過是開頭']",無聊的生活你還想過多久鬥志被埋沒別怪罪都是懶惰汗要飆出火成敗就這一刻要點燃熱血跟兄弟併肩戰鬥我們只拼到底不信失敗有理打下一個傳奇要你跟我一起就打破規則出手就知有沒有箇中強手那將是我有膽成英雄巔峰不過是開頭心裡的節奏就要衝出喉嚨現在倒數秒鐘你跟我一起加油成功的顏色讓別人看不透就掀起潮流要世界跟隨我我們只拼到底不信失敗有理打下一個傳奇要你跟我一起就打破規則出手就知有沒有箇中強手那將是我有膽成英雄巔峰不過是開頭懷疑不會是我的座右銘自己超越每個自己就打破規則出手就知有沒有箇中強手那將是我有膽成英雄巔峰不過是開頭就打破規則出手就知有沒有箇中強手那將是我有膽成英雄巔峰不過是開頭
一支獨秀(Funky Breakbeat Remix),"['愛 愛愛愛 準備大顯身手', '愛 愛愛愛 看我一支獨秀', '愛 愛愛愛', '我掙脫 緊箍咒 踩上好漢坡', '避風頭 偷練功 就等這一刻', '讓喉嚨 吼一吼 衝破你耳膜', '此刻你聽到節奏是我的脈搏', '這世界冷颼颼 單調的像碗粥', '勝者為王敗為寇', '想熬出頭混不得', '閉上眼 握拳頭 機會你要掌握', '我不再做某某某 要你記住我', '愛 愛愛愛 準備大顯身手', '愛 愛愛愛 看我一支獨秀', '愛 愛愛愛', '求菩薩 拜碼頭 就等這一刻', '血液裡 燃燒著 像洪水猛獸', '你是否 也感受 胸口那把火', '歡迎跟我切磋切磋 或幫我加油', '招式看來簡陋 卻能拳拳到肉', '真功夫當作獻醜', '談笑之間別苗頭', '風一般的動作', '肯定獨步宇宙', '我有把握 跟著我', '能獨佔鰲頭', '愛 愛愛愛 準備大顯身手', '愛 愛愛愛 看我一支獨秀', '愛 愛愛愛', '這世界冷颼颼 單調的像碗粥', '勝者為王敗為寇', '想熬出頭混不得', '閉上眼 握拳頭 機會你要掌握', '我不再做某某某 要你記住我', '愛 愛愛愛 準備大顯身手', '愛 愛愛愛 看我一支獨秀', '愛 愛愛愛', '愛 愛愛愛 準備大顯身手', '愛 愛愛愛 看我一支獨秀', '愛 愛愛愛']",愛愛愛愛準備大顯身手愛愛愛愛看我一支獨秀愛愛愛愛我掙脫緊箍咒踩上好漢坡避風頭偷練功就等這一刻讓喉嚨吼一吼衝破你耳膜此刻你聽到節奏是我的脈搏這世界冷颼颼單調的像碗粥勝者為王敗為寇想熬出頭混不得閉上眼握拳頭機會你要掌握我不再做某某某要你記住我愛愛愛愛準備大顯身手愛愛愛愛看我一支獨秀愛愛愛愛求菩薩拜碼頭就等這一刻血液裡燃燒著像洪水猛獸你是否也感受胸口那把火歡迎跟我切磋切磋或幫我加油招式看來簡陋卻能拳拳到肉真功夫當作獻醜談笑之間別苗頭風一般的動作肯定獨步宇宙我有把握跟著我能獨佔鰲頭愛愛愛愛準備大顯身手愛愛愛愛看我一支獨秀愛愛愛愛這世界冷颼颼單調的像碗粥勝者為王敗為寇想熬出頭混不得閉上眼握拳頭機會你要掌握我不再做某某某要你記住我愛愛愛愛準備大顯身手愛愛愛愛看我一支獨秀愛愛愛愛愛愛愛愛準備大顯身手愛愛愛愛看我一支獨秀愛愛愛愛
一支獨秀,"['愛 愛愛愛 準備大顯身手', '愛 愛愛愛 看我一支獨秀', '我掙脫 緊箍咒 踩上好漢坡', '避風頭 偷練功 就等這一刻', '讓喉嚨 吼一吼 衝破你耳膜', '此刻你聽到節奏 是我的脈搏', '這世界冷颼颼 單調的像碗粥', '勝者為王敗為寇 想熬出頭混不得', '閉上眼握拳頭 機會你要掌握', '我不再做 某某某 要你記住我', '一起來', '愛 愛愛愛 準備大顯身手', '愛 愛愛愛 看我一支獨秀', '求菩薩 拜碼頭 就等這一刻', '血液裡 燃燒著 像洪水猛獸', '你是否 也感受 胸口那把火', '歡迎跟我切磋切磋 或幫我加油', '招式看來簡陋 卻能拳拳到肉', '真功夫當作獻醜 談笑之間別苗頭', '風一般的動作 肯定獨步宇宙', '愛 愛愛愛 準備大顯身手', '愛 愛愛愛 看我一支獨秀', '跳 舞 時 間 ~ ~ ~', '這世界冷颼颼 單調的像碗粥', '勝者為王敗為寇 想熬出頭混不得', '閉上眼握拳頭 機會你要掌握', '我不再做 某某某 要你記住我', '愛 愛愛愛 準備大顯身手', '尖叫~~', '愛 愛愛愛 看我一支獨秀', '愛 愛愛愛 準備大顯身手', '愛 愛愛愛 看我一支獨秀']",愛愛愛愛準備大顯身手愛愛愛愛看我一支獨秀我掙脫緊箍咒踩上好漢坡避風頭偷練功就等這一刻讓喉嚨吼一吼衝破你耳膜此刻你聽到節奏是我的脈搏這世界冷颼颼單調的像碗粥勝者為王敗為寇想熬出頭混不得閉上眼握拳頭機會你要掌握我不再做某某某要你記住我一起來愛愛愛愛準備大顯身手愛愛愛愛看我一支獨秀求菩薩拜碼頭就等這一刻血液裡燃燒著像洪水猛獸你是否也感受胸口那把火歡迎跟我切磋切磋或幫我加油招式看來簡陋卻能拳拳到肉真功夫當作獻醜談笑之間別苗頭風一般的動作肯定獨步宇宙愛愛愛愛準備大顯身手愛愛愛愛看我一支獨秀跳舞時間~~~這世界冷颼颼單調的像碗粥勝者為王敗為寇想熬出頭混不得閉上眼握拳頭機會你要掌握我不再做某某某要你記住我愛愛愛愛準備大顯身手尖叫~~愛愛愛愛看我一支獨秀愛愛愛愛準備大顯身手愛愛愛愛看我一支獨秀
敢不敢＋碎碎念,"['●●●敢不敢', '愛的世界總在迎接許多意外 你那麼ㄍ一ㄥ 像在 拓荒的時代', '迷了路的你 倔強的女孩', '敢不敢 和我 玩一場 單挑的 愛情決戰', '我的規則其實很簡單 就只有 你~喜不喜歡 快選擇答案', '敢不敢 到我的懷 敢不敢 讓你自己被 疼愛', '敢不敢 和我 玩一場 單挑的 愛情決戰', '我的規則其實很簡單 就只有 你~喜不喜歡 快選擇答案', '敢不敢 到我的懷 敢不敢 讓你自己被 疼愛', '把你的想法說出來 別隱瞞 你的期待', '你敢不敢 愛我的壞', '一種讓你快樂的壞', '敢不敢 讓你自己 被疼愛', '你值得被疼愛', '敢不敢 到我的懷 敢不敢 讓你自己被 疼愛', '你值得被疼愛', '我們會非常的非常的 愉快', '你敢不敢 戀愛', '●●●碎碎念', '陽光閃過你的笑臉 那畫面已設定在手機桌面', '錄下你的蜜語甜言 來電鈴聲播著你的碎碎念', '你說我衣服要穿一多點 吃東西的時候不可以狼吞虎嚥', '我臉上掛著微笑不知不覺 幸福的滋味我終於能體驗', '每一天 期待你的話在耳邊', '碎碎念 嘴巴一直動卻不累', '紅著臉 喘口氣速度沒有減', '把你世界存在心裡面 每天～～', '你一語一言 聽不厭倦', '給我能源讓我想念', '不在身邊 我會重複跟著一起 碎碎念', '直到舌頭打結', '陽光閃過你的笑臉 那畫面已設定在手機桌面', '錄下你的蜜語甜言 來電鈴聲播著你的碎碎念', '每一天 期待你的話在耳邊', '碎碎念 嘴巴一直動卻不累', '紅著臉 喘口氣速度沒有減', '把你世界存在心裡面 每天～～', '你一語一言 聽不厭倦', '給我能源讓我想念', '不在身邊 我會重複跟著一起 碎碎念', '直到舌頭打結', '愛的發言權 看你表現', '那種甜美 就是無解', '有天會發現 我唱出你碎碎念', '出現在～ 我的歌詞裡面', '每一天 期待你的話在耳邊', '把你世界存在心裡面 每天～～', '你一語一言 聽不厭倦', '給我能源讓我想念', '不在身邊 我會重複跟著一起 碎碎念', '直到舌頭打結', '愛的發言權 看你表現', '那種甜美 就是無解', '有天會發現 我唱出你碎碎念', '出現在～ 我的歌詞裡面']",●●●敢不敢愛的世界總在迎接許多意外你那麼ㄍ一ㄥ像在拓荒的時代迷了路的你倔強的女孩敢不敢和我玩一場單挑的愛情決戰我的規則其實很簡單就只有你~喜不喜歡快選擇答案敢不敢到我的懷敢不敢讓你自己被疼愛敢不敢和我玩一場單挑的愛情決戰我的規則其實很簡單就只有你~喜不喜歡快選擇答案敢不敢到我的懷敢不敢讓你自己被疼愛把你的想法說出來別隱瞞你的期待你敢不敢愛我的壞一種讓你快樂的壞敢不敢讓你自己被疼愛你值得被疼愛敢不敢到我的懷敢不敢讓你自己被疼愛你值得被疼愛我們會非常的非常的愉快你敢不敢戀愛●●●碎碎念陽光閃過你的笑臉那畫面已設定在手機桌面錄下你的蜜語甜言來電鈴聲播著你的碎碎念你說我衣服要穿一多點吃東西的時候不可以狼吞虎嚥我臉上掛著微笑不知不覺幸福的滋味我終於能體驗每一天期待你的話在耳邊碎碎念嘴巴一直動卻不累紅著臉喘口氣速度沒有減把你世界存在心裡面每天～～你一語一言聽不厭倦給我能源讓我想念不在身邊我會重複跟著一起碎碎念直到舌頭打結陽光閃過你的笑臉那畫面已設定在手機桌面錄下你的蜜語甜言來電鈴聲播著你的碎碎念每一天期待你的話在耳邊碎碎念嘴巴一直動卻不累紅著臉喘口氣速度沒有減把你世界存在心裡面每天～～你一語一言聽不厭倦給我能源讓我想念不在身邊我會重複跟著一起碎碎念直到舌頭打結愛的發言權看你表現那種甜美就是無解有天會發現我唱出你碎碎念出現在～我的歌詞裡面每一天期待你的話在耳邊把你世界存在心裡面每天～～你一語一言聽不厭倦給我能源讓我想念不在身邊我會重複跟著一起碎碎念直到舌頭打結愛的發言權看你表現那種甜美就是無解有天會發現我唱出你碎碎念出現在～我的歌詞裡面
小丑魚,"['我在你身邊游來游去 我不敢出聲 看著他親吻你 眼不能閉', '看你的唇印還在那裡 你隔著玻璃所以聽不見 我在嘆息', '說不出口的秘密 永遠活在小小的世界裡', '僅存一點稀薄的氧氣 是否夠我繼續撐下去', '這件脫不下來的外衣 還是你喜歡的橘', '我不能確定 是否你曾經注意 我的眼淚流在透明的水裡', '發不出聲音的感慨 選擇作朋友的無奈', '只要你偶爾想起來 我就住在那片海', '等我轉過身 看妳眼神 才知道自己 想得太過天真 傷得太深', '愛來的時候 劃破沉悶 我早該知道 妳終究不是我 該愛的人', '黑暗中兩眼無神 夜裡不再為我開盞燈 始終不敢將愛說出口 當然沒有資格去競爭', '戀愛和失戀同時發生 怪自己枉費青春 我輸得徹底', '把臉深埋在水裡面 卻還要演好這一場戲', '發不出聲音的感慨 選擇作朋友的無奈', '只要你偶爾想起來 我就住在那片海', '那片海 眼看就要 讓我愈來愈遠 回不來', '從此 你的不愉快 那麼遙遠 誰聽你埋怨', '給你一點點愉快就 會心甘情願回到大海', '發不出聲音的感慨 選擇作朋友的無奈', '只要你偶爾想起來 我就住在那片海 那片海']",我在你身邊游來游去我不敢出聲看著他親吻你眼不能閉看你的唇印還在那裡你隔著玻璃所以聽不見我在嘆息說不出口的秘密永遠活在小小的世界裡僅存一點稀薄的氧氣是否夠我繼續撐下去這件脫不下來的外衣還是你喜歡的橘我不能確定是否你曾經注意我的眼淚流在透明的水裡發不出聲音的感慨選擇作朋友的無奈只要你偶爾想起來我就住在那片海等我轉過身看妳眼神才知道自己想得太過天真傷得太深愛來的時候劃破沉悶我早該知道妳終究不是我該愛的人黑暗中兩眼無神夜裡不再為我開盞燈始終不敢將愛說出口當然沒有資格去競爭戀愛和失戀同時發生怪自己枉費青春我輸得徹底把臉深埋在水裡面卻還要演好這一場戲發不出聲音的感慨選擇作朋友的無奈只要你偶爾想起來我就住在那片海那片海眼看就要讓我愈來愈遠回不來從此你的不愉快那麼遙遠誰聽你埋怨給你一點點愉快就會心甘情願回到大海發不出聲音的感慨選擇作朋友的無奈只要你偶爾想起來我就住在那片海那片海
真命天子＋拉丁音樂,"['眼神空白 心情顯得不好不壞', '你總是愛耍無賴', '感情世界一片空白', '想疼個女孩 除非發生意外', '沒有人說你不帥(快彩排)', '老天會替你安排 準備比賽', '遲早會找到真愛(急不來)', '當她向你走過來 別再發呆', '難怪 寂寞難耐容易作怪', '就算緣分不來 絕對不能承認失敗', '所謂看開 自我催眠自我交代', '就算節奏太快 也不能老是在狀況外', '沒有人說你不帥(快彩排)', '老天會替你安排 準備比賽', '遲早會找到真愛(急不來)', '當她向你走過來 別再發呆', '通通閃開 真命天子換你來', '誰比你厲害 享受孤單不應該', '這一次讓你拽', '你永遠在狀況外', '就等你等你跟我說愛']",眼神空白心情顯得不好不壞你總是愛耍無賴感情世界一片空白想疼個女孩除非發生意外沒有人說你不帥(快彩排)老天會替你安排準備比賽遲早會找到真愛(急不來)當她向你走過來別再發呆難怪寂寞難耐容易作怪就算緣分不來絕對不能承認失敗所謂看開自我催眠自我交代就算節奏太快也不能老是在狀況外沒有人說你不帥(快彩排)老天會替你安排準備比賽遲早會找到真愛(急不來)當她向你走過來別再發呆通通閃開真命天子換你來誰比你厲害享受孤單不應該這一次讓你拽你永遠在狀況外就等你等你跟我說愛
PART 2 ＞ 跳舞的意義 拯救地球,[],
狂野之城,[],
精舞門,"['預備起 行頭全部要帶齊 點名 準備 跟我上街去遊行', '小老弟 年輕耍酷那一丁點本領 洗耳恭聽 快卯起來學習', '大發善心 收徒弟 想要學習皮要繃緊 要跟我跟緊', '我有一條特別了不起的神經 越跳越帶勁', '無師自通任督二脈暢通無比 十八般武藝', '拎拎 聽說你想要報名 考慮 有沒有那根筋 我看一眼就搞定', '凡事都要照規定 精舞門裡什麼都ㄍ一ㄥ 不浪得虛名', '不能亂吃冰淇淋 矇眼睛 對待所有的敵人 都尊敬', '大半夜上床戴耳機 節奏當催眠的聲音 作夢都不停', '我有一條特別了不起的神經 越跳越帶勁', '無師自通任督二脈暢通無比 十八般武藝']",預備起行頭全部要帶齊點名準備跟我上街去遊行小老弟年輕耍酷那一丁點本領洗耳恭聽快卯起來學習大發善心收徒弟想要學習皮要繃緊要跟我跟緊我有一條特別了不起的神經越跳越帶勁無師自通任督二脈暢通無比十八般武藝拎拎聽說你想要報名考慮有沒有那根筋我看一眼就搞定凡事都要照規定精舞門裡什麼都ㄍ一ㄥ不浪得虛名不能亂吃冰淇淋矇眼睛對待所有的敵人都尊敬大半夜上床戴耳機節奏當催眠的聲音作夢都不停我有一條特別了不起的神經越跳越帶勁無師自通任督二脈暢通無比十八般武藝
PART 3 ＞ 親情 幾分,"['不管昨天 你對我說過了什麼 今天的我還是依然 依然沉默', '兩個人生氣著 看著誰先捨不得 何必這樣 來試探我們的緣份', '不管昨天 我對你說過了什麼 今天的你還是依然 依然自我', '問著要到什麼時候 才會覺得無法忍受', '難道這樣 才證明愛得有多深', '所以愛有幾分 這是你不停的疑問', '你的心裡對我有多認真 何必執著在我的部份', '所以愛有幾分 這是你永遠的疑問 只有最後 一切才有定論', '不管昨天 我對你說過了什麼 今天的你還是依然 依然自我', '問著要到什麼時候 才會覺得無法忍受', '難道這樣 才證明愛得有多深', '所以愛有幾分 這是你不停的疑問', '你的心裡對我有多認真 何必執著在我的部份', '所以愛有幾分 這是你永遠的疑問 只有最後 一切才有定論', '沒有值不值得 當失去了有什麼好爭', '就在轉身之後 我的不捨有多麼的真', '所以愛有幾分 這是你不停的疑問', '你的心裡對我有多認真 何必執著在我的部份', '所以愛有幾分 這是你永遠的疑問 只有最後 一切才有定論', '只有最後 一切才有定論']",不管昨天你對我說過了什麼今天的我還是依然依然沉默兩個人生氣著看著誰先捨不得何必這樣來試探我們的緣份不管昨天我對你說過了什麼今天的你還是依然依然自我問著要到什麼時候才會覺得無法忍受難道這樣才證明愛得有多深所以愛有幾分這是你不停的疑問你的心裡對我有多認真何必執著在我的部份所以愛有幾分這是你永遠的疑問只有最後一切才有定論不管昨天我對你說過了什麼今天的你還是依然依然自我問著要到什麼時候才會覺得無法忍受難道這樣才證明愛得有多深所以愛有幾分這是你不停的疑問你的心裡對我有多認真何必執著在我的部份所以愛有幾分這是你永遠的疑問只有最後一切才有定論沒有值不值得當失去了有什麼好爭就在轉身之後我的不捨有多麼的真所以愛有幾分這是你不停的疑問你的心裡對我有多認真何必執著在我的部份所以愛有幾分這是你永遠的疑問只有最後一切才有定論只有最後一切才有定論
灰色空間,"['鬥魚2片頭曲', '原來不是白就是黑', '只不過是天真的以為', '要醉得清醒 要無辜的犯罪', '現實的世界只有灰', '堅強得太久好疲憊', '想抱愛的人沉沉的睡', '捲來的風暴 兇猛裡有種美', '死了心 痛就沒感覺', '灰色空間 我是誰', '記不得幸福是什麼滋味', '無路可退 妳是誰', '怎麼為我流淚', '夢見發著光的草原', '一身傷回到很久以前', '我選擇不恨 帶著平靜走遠', '醒來後 夜還是長夜', '灰色空間 我是誰', '記不得幸福是什麼滋味', '無路可退 妳是誰', '怎麼為我流淚', '緊抱著我流淚']",鬥魚2片頭曲原來不是白就是黑只不過是天真的以為要醉得清醒要無辜的犯罪現實的世界只有灰堅強得太久好疲憊想抱愛的人沉沉的睡捲來的風暴兇猛裡有種美死了心痛就沒感覺灰色空間我是誰記不得幸福是什麼滋味無路可退妳是誰怎麼為我流淚夢見發著光的草原一身傷回到很久以前我選擇不恨帶著平靜走遠醒來後夜還是長夜灰色空間我是誰記不得幸福是什麼滋味無路可退妳是誰怎麼為我流淚緊抱著我流淚
自我催眠,"['人群裡面那個我 把幸福遺落', '那曾經走過的路口 我停了你卻走', '我想捂住我的耳朵 聽不見你說', '愛就在此刻 鬆手分手放手', '我猜不透 不猜透 和你背對背的走', '原來怪我沒有', '沒有愛情的天份 你才要走', '我想要學會自我催眠 痛覺會少一些', '潛意識作祟 想著想到失眠', '我躺在沒有你的房間 寂寞更加明顯', '我漸漸的自我催眠 卻回不到從前', '等著紅燈那個我 還會向前走', '也許那幸福的執著 在下一個路口', '專屬鈴聲我還留著 卻靜靜沉默', '在我們之間 愛了放了散了', '我會不說 不想說 怕說了也沒有用', '現在我的幽默', '只是掩飾著心痛 我的難過', '我想要學會自我催眠 痛覺會少一些', '潛意識作祟 想著想到失眠', '我躺在沒有你的房間 寂寞更加明顯', '我漸漸的自我催眠 卻回不到從前', '我想要學會自我催眠 聰明再多一些', '潛意識作祟 想著想到失眠', '我走在沒有你的世界 卻走不到永遠', '我漸漸的自我催眠 慢慢閉上雙眼']",人群裡面那個我把幸福遺落那曾經走過的路口我停了你卻走我想捂住我的耳朵聽不見你說愛就在此刻鬆手分手放手我猜不透不猜透和你背對背的走原來怪我沒有沒有愛情的天份你才要走我想要學會自我催眠痛覺會少一些潛意識作祟想著想到失眠我躺在沒有你的房間寂寞更加明顯我漸漸的自我催眠卻回不到從前等著紅燈那個我還會向前走也許那幸福的執著在下一個路口專屬鈴聲我還留著卻靜靜沉默在我們之間愛了放了散了我會不說不想說怕說了也沒有用現在我的幽默只是掩飾著心痛我的難過我想要學會自我催眠痛覺會少一些潛意識作祟想著想到失眠我躺在沒有你的房間寂寞更加明顯我漸漸的自我催眠卻回不到從前我想要學會自我催眠聰明再多一些潛意識作祟想著想到失眠我走在沒有你的世界卻走不到永遠我漸漸的自我催眠慢慢閉上雙眼
一支獨秀,"['＊愛 愛愛愛 準備大顯身手', '愛 愛愛愛 看我一支獨秀', '愛 愛愛愛＊', '我掙脫 緊箍咒 踩上好漢坡', '避風頭 偷練功 就等這一刻', '讓喉嚨 吼一吼 衝破你耳膜', '此刻你聽到節奏是我的脈搏', '＃這世界冷颼颼 單調的像碗粥', '勝者為王敗為寇', '想熬出頭混不得', '閉上眼 握拳頭 機會你要掌握', '我不再做某某某 要你記住我＃', '求菩薩 拜碼頭 就等這一刻', '血液裡 燃燒著 像洪水猛獸', '你是否 也感受 胸口那把火', '歡迎跟我切磋切磋 或幫我加油', '招式看來簡陋 卻能拳拳到肉', '真功夫當作獻醜', '談笑之間別苗頭', '風一般的動作', '肯定獨步宇宙', '我有把握 跟著我', '能獨佔鰲頭']",＊愛愛愛愛準備大顯身手愛愛愛愛看我一支獨秀愛愛愛愛＊我掙脫緊箍咒踩上好漢坡避風頭偷練功就等這一刻讓喉嚨吼一吼衝破你耳膜此刻你聽到節奏是我的脈搏＃這世界冷颼颼單調的像碗粥勝者為王敗為寇想熬出頭混不得閉上眼握拳頭機會你要掌握我不再做某某某要你記住我＃求菩薩拜碼頭就等這一刻血液裡燃燒著像洪水猛獸你是否也感受胸口那把火歡迎跟我切磋切磋或幫我加油招式看來簡陋卻能拳拳到肉真功夫當作獻醜談笑之間別苗頭風一般的動作肯定獨步宇宙我有把握跟著我能獨佔鰲頭
當我們宅一塊,"['＊愛過來 當我們宅一塊', '就算沒有豪宅 屋屋屋屋 滿滿愛', '親過來 讓我們宅一塊', '跟你窩著棉被浪漫過冬', '幸福的宅＊', '就是你無理取鬧的可愛姿態(吼)', '每天我的心臟都快跳出來(撲通)', '不知你有沒有感受我的眼神煞到愛', '完美型男遇上可愛宅女就被打敗', '搞不懂你還教會狗狗12連拍(喀嚓)', '你說你的生活拒絕無賴跟耍賴', '只想找個真愛 真愛', '＃如果你期待愛', '生活愉快跟我幸福百分百', '我也可以很宅 就為了愛', '你別大驚小怪 快把愛說出來＃', '請你別再懷疑我的心意', '我只想要跟你宅一起做什麼都可以', '把我的愛放在你心底', '跟我愛一起', '跟我宅一起', '給你秀秀 不要扭扭捏捏', '給你秀秀 害羞拿去消滅']",＊愛過來當我們宅一塊就算沒有豪宅屋屋屋屋滿滿愛親過來讓我們宅一塊跟你窩著棉被浪漫過冬幸福的宅＊就是你無理取鬧的可愛姿態(吼)每天我的心臟都快跳出來(撲通)不知你有沒有感受我的眼神煞到愛完美型男遇上可愛宅女就被打敗搞不懂你還教會狗狗12連拍(喀嚓)你說你的生活拒絕無賴跟耍賴只想找個真愛真愛＃如果你期待愛生活愉快跟我幸福百分百我也可以很宅就為了愛你別大驚小怪快把愛說出來＃請你別再懷疑我的心意我只想要跟你宅一起做什麼都可以把我的愛放在你心底跟我愛一起跟我宅一起給你秀秀不要扭扭捏捏給你秀秀害羞拿去消滅
我不會唱歌,"['這首為你點播的歌', '如果我先哭了 怎麼唱到最後', '音階一字不漏 不見得感動', '曾握著 就能感受你比我難過', '誰寫的 歌詞那麼適合放手', '我怎能捨不得', '我努力唱完主歌 我忘了走音沒有', '我到底哭什麼 哭什麼 明明搞笑的', '我努力唱好朋友 我忘了是誰哭了', '就算你不記得這首歌 唱完的是我', '這首為你點播的歌', '如果我先哭了 怎麼唱到最後', '音階一字不漏 不見得感動', '曾握著 就能感受你比我難過', '誰寫的 歌詞那麼適合放手', '我怎能捨不得', '我努力唱完主歌 我忘了走音沒有', '我到底哭什麼 哭什麼 明明搞笑的', '我努力唱好朋友 我忘了是誰哭了', '就算你不記得這首歌 唱完的是我', '我努力唱完這歌 我忘了破音沒有', '你心裡觸動的 下一首 已經不是我', '我努力唱到嘶吼 我不怕剩我一個', '只要你能記得這首歌 給我最愛的']",這首為你點播的歌如果我先哭了怎麼唱到最後音階一字不漏不見得感動曾握著就能感受你比我難過誰寫的歌詞那麼適合放手我怎能捨不得我努力唱完主歌我忘了走音沒有我到底哭什麼哭什麼明明搞笑的我努力唱好朋友我忘了是誰哭了就算你不記得這首歌唱完的是我這首為你點播的歌如果我先哭了怎麼唱到最後音階一字不漏不見得感動曾握著就能感受你比我難過誰寫的歌詞那麼適合放手我怎能捨不得我努力唱完主歌我忘了走音沒有我到底哭什麼哭什麼明明搞笑的我努力唱好朋友我忘了是誰哭了就算你不記得這首歌唱完的是我我努力唱完這歌我忘了破音沒有你心裡觸動的下一首已經不是我我努力唱到嘶吼我不怕剩我一個只要你能記得這首歌給我最愛的
敗給你,"['還要我陪你吃冰 戀愛是什麼邏輯', '算算星座和命理 到底誰在妳心裡', '一走進電梯 就要儀容整理', '實在跟我有得比 達人我一遇上妳', '卻那麼情不自禁 甘願被妳蹂躪', '妳什麼時候 要回去妳們火星', '我越來越介意 做夢也夢到妳', '就像是我的天敵 是不是', '喜歡我 還嘴硬', '好面子 要加三級', '敗給妳 說話的眼睛', '敗給妳 微笑的魔力', '不知不覺 想每天跟妳在一起', '敗給妳 少一根神經', '愛上妳 這是我的命', '我們世界 連鬥嘴都有默契', '只是穿得性感些而已 你明明很自戀', '饒了那後照鏡', '我心中你是第一名 耐心還有愛心', '愛不是有帥氣就可以', '拜託你別一直耍嘴皮', '我越來越介意 做夢也夢到妳', '就像是我的天敵 是不是', '我已不能判你出局', '敗給妳 說話的眼睛', '敗給妳 微笑的魔力', '不知不覺 想每天跟妳在一起', '敗給妳 少一根神經', '愛上妳 這是我的命', '我們世界 連鬥嘴都有默契', '一直親 妳一定充滿 我沒發現的愛心', '原來我也有 害怕你 突然不見的危機', '害我抬起頭 以為天上 下著紅雨', '不然就是我還沒有睡醒', '這樣一個我乘以這樣一個妳', '竟然等於我愛妳', '愛上妳一天又一天 又一天', '我們世界 原來這麼有默契', '不知不覺 想每天跟妳在一起', '我們世界 原來這麼有默契']",還要我陪你吃冰戀愛是什麼邏輯算算星座和命理到底誰在妳心裡一走進電梯就要儀容整理實在跟我有得比達人我一遇上妳卻那麼情不自禁甘願被妳蹂躪妳什麼時候要回去妳們火星我越來越介意做夢也夢到妳就像是我的天敵是不是喜歡我還嘴硬好面子要加三級敗給妳說話的眼睛敗給妳微笑的魔力不知不覺想每天跟妳在一起敗給妳少一根神經愛上妳這是我的命我們世界連鬥嘴都有默契只是穿得性感些而已你明明很自戀饒了那後照鏡我心中你是第一名耐心還有愛心愛不是有帥氣就可以拜託你別一直耍嘴皮我越來越介意做夢也夢到妳就像是我的天敵是不是我已不能判你出局敗給妳說話的眼睛敗給妳微笑的魔力不知不覺想每天跟妳在一起敗給妳少一根神經愛上妳這是我的命我們世界連鬥嘴都有默契一直親妳一定充滿我沒發現的愛心原來我也有害怕你突然不見的危機害我抬起頭以為天上下著紅雨不然就是我還沒有睡醒這樣一個我乘以這樣一個妳竟然等於我愛妳愛上妳一天又一天又一天我們世界原來這麼有默契不知不覺想每天跟妳在一起我們世界原來這麼有默契
愛情三「不」曲,"['不是色狼鹹豬手 我只是想要借過', '不要想太多', '沒愛會有偏頭痛 有愛不要沖昏頭', '我的愛情三不曲 不算多', '心情別亂颳颱風 自以為美想太多', '太長舌會把我逼到瘋', '其實我沒什麼要求 只是把我死穴先說', '給點笑容', '你也可以對我要求 大男人的三不原則', '全部都列給我']",不是色狼鹹豬手我只是想要借過不要想太多沒愛會有偏頭痛有愛不要沖昏頭我的愛情三不曲不算多心情別亂颳颱風自以為美想太多太長舌會把我逼到瘋其實我沒什麼要求只是把我死穴先說給點笑容你也可以對我要求大男人的三不原則全部都列給我
做得到,"['試著讓身邊很吵鬧 好好想念妳的懷抱', '某一秒 我竟微笑 體會妳揚起的嘴角', '悲傷的呼喚', '也許在跟自己比較 讓妳哭過是我不好', '太自責話都變少 然而妳還是最美好', '要讓妳知道', '做得到 不管相愛總會有一些低潮', '我愛妳 就應該對妳越來越好', '現在只想忽然把妳抱得高高', '看著妳笑我也笑 別自尋煩惱', '做得到 妳說再苦也要跟我直到老', '我說的 每一個承諾會說到做到', '感謝妳堅強勇敢 讓我很驕傲', '妳所想要的愛 我能做得到', '也許在跟自己比較 讓妳哭過是我不好', '太自責話都變少 然而妳還是最美好', '要讓妳知道', '做得到 不管相愛總會有一些低潮', '我愛妳 就應該對妳越來越好', '現在只想忽然把妳抱得高高', '看著妳笑我也笑 別自尋煩惱', '做得到 妳說再苦也要跟我直到老', '我說的 每一個承諾會說到做到', '感謝妳堅強勇敢 讓我很驕傲', '妳所想要的愛 我能做得到', '原諒我內心交戰 讓妳好難過', '我能給妳的愛 沒有做不到']",試著讓身邊很吵鬧好好想念妳的懷抱某一秒我竟微笑體會妳揚起的嘴角悲傷的呼喚也許在跟自己比較讓妳哭過是我不好太自責話都變少然而妳還是最美好要讓妳知道做得到不管相愛總會有一些低潮我愛妳就應該對妳越來越好現在只想忽然把妳抱得高高看著妳笑我也笑別自尋煩惱做得到妳說再苦也要跟我直到老我說的每一個承諾會說到做到感謝妳堅強勇敢讓我很驕傲妳所想要的愛我能做得到也許在跟自己比較讓妳哭過是我不好太自責話都變少然而妳還是最美好要讓妳知道做得到不管相愛總會有一些低潮我愛妳就應該對妳越來越好現在只想忽然把妳抱得高高看著妳笑我也笑別自尋煩惱做得到妳說再苦也要跟我直到老我說的每一個承諾會說到做到感謝妳堅強勇敢讓我很驕傲妳所想要的愛我能做得到原諒我內心交戰讓妳好難過我能給妳的愛沒有做不到
精舞門,"['預備起 行頭全部要帶齊 點名 準備 跟我上街去遊行', '小老弟 年輕耍酷那一丁點本領 洗耳恭聽 快卯起來學習', '大發善心 收徒弟 想要學習皮要繃緊 要跟我跟緊', '我有一條特別了不起的神經 越跳越帶勁', '無師自通任督二脈暢通無比 十八般武藝', '拎拎 聽說你想要報名 考慮 有沒有那根筋 我看一眼就搞定', '凡事都要照規定 精舞門裡什麼都ㄍ一ㄥ 不浪得虛名', '不能亂吃冰淇淋 矇眼睛 對待所有的敵人 都尊敬', '大半夜上床戴耳機 節奏當催眠的聲音 作夢都不停', '我有一條特別了不起的神經 越跳越帶勁', '無師自通任督二脈暢通無比 十八般武藝']",預備起行頭全部要帶齊點名準備跟我上街去遊行小老弟年輕耍酷那一丁點本領洗耳恭聽快卯起來學習大發善心收徒弟想要學習皮要繃緊要跟我跟緊我有一條特別了不起的神經越跳越帶勁無師自通任督二脈暢通無比十八般武藝拎拎聽說你想要報名考慮有沒有那根筋我看一眼就搞定凡事都要照規定精舞門裡什麼都ㄍ一ㄥ不浪得虛名不能亂吃冰淇淋矇眼睛對待所有的敵人都尊敬大半夜上床戴耳機節奏當催眠的聲音作夢都不停我有一條特別了不起的神經越跳越帶勁無師自通任督二脈暢通無比十八般武藝
嗆司嗆司,"['請多指教 美女 五十億人難得遇見了我 你運氣還不錯', '專情 我也不是故意想要推薦自己 放眼沒人能比', '遠遠就看穿你不溫馴 卻有一種魅力', '請多指教 美女 一看見你我就心神不寧 喔 我才不會忘記你', '他們 缺少溫柔不夠幽默沒有體力 不可能跟我匹敵', '你是天生明星只是我 也沒那麼容易', '有信心就要感動你 直到痛哭流涕 現在就打開 最強電力']",請多指教美女五十億人難得遇見了我你運氣還不錯專情我也不是故意想要推薦自己放眼沒人能比遠遠就看穿你不溫馴卻有一種魅力請多指教美女一看見你我就心神不寧喔我才不會忘記你他們缺少溫柔不夠幽默沒有體力不可能跟我匹敵你是天生明星只是我也沒那麼容易有信心就要感動你直到痛哭流涕現在就打開最強電力
幸福獵人,"['我是真真真喜歡你 你是超辣甜心 觸動反射神經 追你', '我是真真真喜歡你 不要眼神飄移 假裝你不在意', '我是真真真喜歡你 我想把你吃定 拿出獵愛本領 追你', '我是真真真喜歡你 雷達把愛鎖定 發射幸福愛你']",我是真真真喜歡你你是超辣甜心觸動反射神經追你我是真真真喜歡你不要眼神飄移假裝你不在意我是真真真喜歡你我想把你吃定拿出獵愛本領追你我是真真真喜歡你雷達把愛鎖定發射幸福愛你
黑眼圈,"['又是半杯的冷咖啡 沒有你在我身邊曖昧 只好糖再多加一點', '浴室的熱水再多一些 鏡子裡看見你的笑臉 想自然一點黑了眼圈', '頻道不知轉了有多少遍 快樂甜蜜爭吵無知畫面', '不管日式韓流都在消遣 你離開我的堅決', '＃我想愛你用我黑眼圈愛你我從不會遮掩 想要安慰我的狼狽', '原來忽略才是對我小心眼 (我從沒看見 為何我從沒看見)', '我說愛你用我黑眼圈錯過的原來是最甜 過了時間終於沉澱', '當時我們承諾都要幸福 幸福的誓言', '又是半杯的冷咖啡 床單的縐褶都看不見 我的曖昧少了一點', '浴室拖鞋牙刷洗臉 鏡子裡看見你的笑臉 想自然一點黑了眼圈', '頻道不知轉了有多少遍 快樂甜蜜爭吵無知畫面', '不管日式韓流都在消遣 你離開我的堅決', '(我想愛你用我黑眼圈愛你我從不會遮掩)']",又是半杯的冷咖啡沒有你在我身邊曖昧只好糖再多加一點浴室的熱水再多一些鏡子裡看見你的笑臉想自然一點黑了眼圈頻道不知轉了有多少遍快樂甜蜜爭吵無知畫面不管日式韓流都在消遣你離開我的堅決＃我想愛你用我黑眼圈愛你我從不會遮掩想要安慰我的狼狽原來忽略才是對我小心眼(我從沒看見為何我從沒看見)我說愛你用我黑眼圈錯過的原來是最甜過了時間終於沉澱當時我們承諾都要幸福幸福的誓言又是半杯的冷咖啡床單的縐褶都看不見我的曖昧少了一點浴室拖鞋牙刷洗臉鏡子裡看見你的笑臉想自然一點黑了眼圈頻道不知轉了有多少遍快樂甜蜜爭吵無知畫面不管日式韓流都在消遣你離開我的堅決(我想愛你用我黑眼圈愛你我從不會遮掩)
戀愛達人,['豬頭才會一直玩遊戲 耍心機'],豬頭才會一直玩遊戲耍心機
狐狸精,"['不要以為我沒發現 你又偷偷跑去跟她見面', '不要問我什麼意見 你的眼神明明就是有鬼', '我的警告這是最後一遍 如果你還一樣不知檢點', '跟那隻狐狸精閃一邊離開我的視線', '男:', '又怎麼了我的大小姐(不必諂媚) 我不過是去喝杯咖啡(鬼話連篇)', '電話不接還擺張臭臉(看你表現) 你不要又來藉題發揮', '女:', '狐狸精她太不要臉 陰魂不散真的 討厭(會嗎)', '走在路上不管是誰她都一樣亂拋 媚眼(怎樣)', '我的警告這是最後一遍 如果你要分手我也隨便', '你最好快認錯快道歉 不要再裝可憐', '男:', '不要再拿分手當威脅(誰又怕誰) 整天把狐狸精掛嘴邊(是她犯賤)', '反省一下是你小心眼(你不要臉) 還是嫉妒她比你更美', '去 所以我每次跟朋友吃完飯即使是男生 我也懶得說出來', '你說你應不應該習慣改一改 或者我就不再耍賴不耐煩', '然後你多學學別人怎麼撒嬌一張嘴巴碎碎唸這麼快 趕著去投胎啊', '女:', '她以為她自己很美 男人看了都會為她心碎(有嗎)', '我是越看越不順眼 你到底要站在誰那一邊(中間)', '我的警告這是最後一遍 如果你還一樣不知檢點', '跟那隻狐狸精閃一邊離開我的視線', '男:', '實在會氣到七竅生煙(算你倒楣) 只想要直接給你一拳(你想的美)', '丟到外太空去吃大便(你豬八戒) 眼不見為淨比較乾脆', '女:', '狐狸精狐狸精狐狸精真是討厭 狐狸精狐狸精狐狸精快滾一邊', '狐狸精狐狸精我就是看不順眼 狐狸精狐狸精狐狸精我最討厭', '啊~', '賣擱碎碎唸 賣擱碎碎唸(哼) 賣擱碎碎唸 賣擱碎碎唸(哼)', '賣擱碎碎唸 賣擱碎碎唸(啊~) 賣擱碎碎唸 我無想要聽(阿達)']",不要以為我沒發現你又偷偷跑去跟她見面不要問我什麼意見你的眼神明明就是有鬼我的警告這是最後一遍如果你還一樣不知檢點跟那隻狐狸精閃一邊離開我的視線男:又怎麼了我的大小姐(不必諂媚)我不過是去喝杯咖啡(鬼話連篇)電話不接還擺張臭臉(看你表現)你不要又來藉題發揮女:狐狸精她太不要臉陰魂不散真的討厭(會嗎)走在路上不管是誰她都一樣亂拋媚眼(怎樣)我的警告這是最後一遍如果你要分手我也隨便你最好快認錯快道歉不要再裝可憐男:不要再拿分手當威脅(誰又怕誰)整天把狐狸精掛嘴邊(是她犯賤)反省一下是你小心眼(你不要臉)還是嫉妒她比你更美去所以我每次跟朋友吃完飯即使是男生我也懶得說出來你說你應不應該習慣改一改或者我就不再耍賴不耐煩然後你多學學別人怎麼撒嬌一張嘴巴碎碎唸這麼快趕著去投胎啊女:她以為她自己很美男人看了都會為她心碎(有嗎)我是越看越不順眼你到底要站在誰那一邊(中間)我的警告這是最後一遍如果你還一樣不知檢點跟那隻狐狸精閃一邊離開我的視線男:實在會氣到七竅生煙(算你倒楣)只想要直接給你一拳(你想的美)丟到外太空去吃大便(你豬八戒)眼不見為淨比較乾脆女:狐狸精狐狸精狐狸精真是討厭狐狸精狐狸精狐狸精快滾一邊狐狸精狐狸精我就是看不順眼狐狸精狐狸精狐狸精我最討厭啊~賣擱碎碎唸賣擱碎碎唸(哼)賣擱碎碎唸賣擱碎碎唸(哼)賣擱碎碎唸賣擱碎碎唸(啊~)賣擱碎碎唸我無想要聽(阿達)
力量,"['＃想念 長了翅膀 他跟著我流浪', '獨自 背著行囊 看著人來人往', '躺在陌生的床 眼睛沒辦法閤上', '想了這些年過了一關又一關', '也許我太逞強 但是我無時無刻都在想 你的臂彎', '＊給我力量 陪我闖蕩 也許我們都不講', '把愛留在 我的心上 超越了太多夢想', '時光匆忙 不曾遺忘 隨時可以回頭看', '那些時光 你在身旁 給我的溫暖..', '給我力量 陪我闖蕩 也許我來不及講', '你給的愛 放在心上 陪伴著每個夜晚', '時光匆忙 不曾遺忘 有天可以回頭看', '那些時光 你在身旁 忘記了悲傷']",＃想念長了翅膀他跟著我流浪獨自背著行囊看著人來人往躺在陌生的床眼睛沒辦法閤上想了這些年過了一關又一關也許我太逞強但是我無時無刻都在想你的臂彎＊給我力量陪我闖蕩也許我們都不講把愛留在我的心上超越了太多夢想時光匆忙不曾遺忘隨時可以回頭看那些時光你在身旁給我的溫暖..給我力量陪我闖蕩也許我來不及講你給的愛放在心上陪伴著每個夜晚時光匆忙不曾遺忘有天可以回頭看那些時光你在身旁忘記了悲傷
自我催眠,"['人群裡面那個我 把幸福遺落 那曾經走過的路口 我停了你卻走', '我想摀住我的耳朵 聽不見你說 愛就在此刻鬆手分手放手', '我猜不透不猜透 和你背對背的走 原來怪我沒有 沒有愛情的天分你才要走', '＃我想要學會自我催眠 痛覺會少一些 潛意識作祟想著想到失眠', '我躺在沒有你的房間 寂寞更加明顯 我漸漸的自我催眠 卻回不到從前', '等著紅燈那個我 還會向前走 也許那幸福的執著 在下一個路口', '專屬鈴聲我還留著 卻靜靜沉默 在我們之間愛了放了散了', '我會不說不想說 怕說了也沒有用 現在我的幽默 只是掩飾著心痛 我的難過', '我想要學會自我催眠 聰明再多一些 潛意識作祟想著想到失眠', '我走在沒有你的世界 卻走不到永遠 我漸漸的自我催眠 慢慢閉上雙眼']",人群裡面那個我把幸福遺落那曾經走過的路口我停了你卻走我想摀住我的耳朵聽不見你說愛就在此刻鬆手分手放手我猜不透不猜透和你背對背的走原來怪我沒有沒有愛情的天分你才要走＃我想要學會自我催眠痛覺會少一些潛意識作祟想著想到失眠我躺在沒有你的房間寂寞更加明顯我漸漸的自我催眠卻回不到從前等著紅燈那個我還會向前走也許那幸福的執著在下一個路口專屬鈴聲我還留著卻靜靜沉默在我們之間愛了放了散了我會不說不想說怕說了也沒有用現在我的幽默只是掩飾著心痛我的難過我想要學會自我催眠聰明再多一些潛意識作祟想著想到失眠我走在沒有你的世界卻走不到永遠我漸漸的自我催眠慢慢閉上雙眼
Bet On It必殺技,"['好多眼睛鎖住你的神經', '心跳衝擊 壓過所有聲音', '前一秒很多難題還在模擬', '一瞬間你已經無法逃避', '雙腳失去地心引力', '眼前的風景充滿危機', '求天天不應 只剩下自己', '是否逼到絕境 是否使出全力', '你 要百無禁忌 放膽一擊', '努力睜開眼睛 衝刺到底', '暗藏的必殺技 會再甦醒', '你要相信自己 沒有奇蹟', '就會一鼓作氣 絕不放棄', '暗藏的必殺技 會再甦醒', '我不會怪你 偷偷舉過白旗', '偽裝這戰役從沒有出席', '別忘天生我才必有潛力', '掏出你潛在的必殺技', '回頭不見落跑的路', '每個人都說千萬別輸', '成或敗只有這一注', '是否碰上絕路 你是否全力以赴']",好多眼睛鎖住你的神經心跳衝擊壓過所有聲音前一秒很多難題還在模擬一瞬間你已經無法逃避雙腳失去地心引力眼前的風景充滿危機求天天不應只剩下自己是否逼到絕境是否使出全力你要百無禁忌放膽一擊努力睜開眼睛衝刺到底暗藏的必殺技會再甦醒你要相信自己沒有奇蹟就會一鼓作氣絕不放棄暗藏的必殺技會再甦醒我不會怪你偷偷舉過白旗偽裝這戰役從沒有出席別忘天生我才必有潛力掏出你潛在的必殺技回頭不見落跑的路每個人都說千萬別輸成或敗只有這一注是否碰上絕路你是否全力以赴
精舞門,"['預備起', '行頭全部要帶齊 點名 準備 跟我上街去遊行', '小老弟', '年輕耍酷那一丁點 本領 洗耳恭聽 快卯起來學習', '大發善心 收徒弟 想要學習皮要繃緊 要跟我跟緊', '△我有一條特別了不起的神經 越跳越帶勁', '無師自通任督二脈暢通無比 十八般舞藝△', '鈴鈴', '聽說你想要報名 考慮 有沒有那根筋 我看一眼就搞定', '凡是都要照規定 精舞門裡什麼都ㄍ一ㄣ 不浪得虛名', '不能亂吃冰淇淋 矇眼睛 對待所有的敵人 都尊敬', '大半夜上床戴耳機 節奏當催眠的聲音 作夢都不停']",預備起行頭全部要帶齊點名準備跟我上街去遊行小老弟年輕耍酷那一丁點本領洗耳恭聽快卯起來學習大發善心收徒弟想要學習皮要繃緊要跟我跟緊△我有一條特別了不起的神經越跳越帶勁無師自通任督二脈暢通無比十八般舞藝△鈴鈴聽說你想要報名考慮有沒有那根筋我看一眼就搞定凡是都要照規定精舞門裡什麼都ㄍ一ㄣ不浪得虛名不能亂吃冰淇淋矇眼睛對待所有的敵人都尊敬大半夜上床戴耳機節奏當催眠的聲音作夢都不停
幸福獵人,"['我是真真真喜歡你 你是超辣甜心 觸動反射神經 追你', '我是真真真喜歡你 不要眼神飄移 假裝你不在意', '我是真真真喜歡你 我想把你吃定 拿出獵愛本領 追你', '我是真真真喜歡你 雷達把愛鎖定 發射幸福愛你']",我是真真真喜歡你你是超辣甜心觸動反射神經追你我是真真真喜歡你不要眼神飄移假裝你不在意我是真真真喜歡你我想把你吃定拿出獵愛本領追你我是真真真喜歡你雷達把愛鎖定發射幸福愛你
完美型男,"['我想做最愛你的完美型男 全世界學不來', '＃為了看你笑 我練習笑話幽默感覺', '為了內涵 我把世界名著全都看完', '以你為中心 太陽繞著月球旋轉', '為了陪你 我愛上溜狗週末不加班', '不靠鬍渣 肌肉配件項鍊討你心歡', '你真的快樂 是我唯一在乎的裝扮', '有你的愛 我就是完美的型男＃', '我想做最愛你的完美型男 全世界學不來']",我想做最愛你的完美型男全世界學不來＃為了看你笑我練習笑話幽默感覺為了內涵我把世界名著全都看完以你為中心太陽繞著月球旋轉為了陪你我愛上溜狗週末不加班不靠鬍渣肌肉配件項鍊討你心歡你真的快樂是我唯一在乎的裝扮有你的愛我就是完美的型男＃我想做最愛你的完美型男全世界學不來
好朋友(Ot：只要有你),"['像兩首節拍不同的歌 卻又同時被愛情合奏 旋律勉強著', '愉快不能夠假裝快樂 你心中有寬闊的天空 但空氣好稀薄', '＃曾經以為等待會改變什麼 你總會屬於我', '但是最後時間證明了 你只喜歡我', '你說我比較像你的好朋友 只是不小心擁抱著', '你道歉 你難過 於是我給你笑容', '誰在乎我的心 還會不會寂寞', '如果愛情是五線譜 我曾希望用全音符', '吟唱出 愛上你 那完整的幸福', '但你的心沒有耳朵 即使我為你唱著歌', '你也只 看見我哭了', '你說我比較像你的好朋友 只是不小心擁抱著', '你道歉 你難過 於是我給你笑容', '誰在乎我的心 還會不會寂寞', '你說過我是你最好的朋友 卻不應該再擁抱著', '你退縮 你冷漠 於是我放開雙手', '不在乎我的心 會永遠的寂寞']",像兩首節拍不同的歌卻又同時被愛情合奏旋律勉強著愉快不能夠假裝快樂你心中有寬闊的天空但空氣好稀薄＃曾經以為等待會改變什麼你總會屬於我但是最後時間證明了你只喜歡我你說我比較像你的好朋友只是不小心擁抱著你道歉你難過於是我給你笑容誰在乎我的心還會不會寂寞如果愛情是五線譜我曾希望用全音符吟唱出愛上你那完整的幸福但你的心沒有耳朵即使我為你唱著歌你也只看見我哭了你說我比較像你的好朋友只是不小心擁抱著你道歉你難過於是我給你笑容誰在乎我的心還會不會寂寞你說過我是你最好的朋友卻不應該再擁抱著你退縮你冷漠於是我放開雙手不在乎我的心會永遠的寂寞
幾分,"['不管昨天 你對我說過了什麼 今天的我還是依然 依然沉默', '兩個人生氣著 看著誰先捨不得 何必這樣 來試探我們的緣份', '＊不管昨天 我對你說過了什麼 今天的你還是依然 依然自我', '問著要到什麼時候 才會覺得無法忍受', '難道這樣 才證明愛得有多深', '＃所以愛有幾分 這是你不停的疑問', '你的心裡對我有多認真 何必執著在我的部份', '所以愛有幾分 這是你永遠的疑問 只有最後 一切才有定論', '沒有值不值得 當失去了有什麼好爭', '就在轉身之後 我的不捨有多麼的真', '所以愛有幾分 這是你不停的疑問', '你的心裡對我有多認真 何必執著在我的部份', '所以愛有幾分 這是你永遠的疑問 只有最後 一切才有定論', '只有最後 一切才有定論']",不管昨天你對我說過了什麼今天的我還是依然依然沉默兩個人生氣著看著誰先捨不得何必這樣來試探我們的緣份＊不管昨天我對你說過了什麼今天的你還是依然依然自我問著要到什麼時候才會覺得無法忍受難道這樣才證明愛得有多深＃所以愛有幾分這是你不停的疑問你的心裡對我有多認真何必執著在我的部份所以愛有幾分這是你永遠的疑問只有最後一切才有定論沒有值不值得當失去了有什麼好爭就在轉身之後我的不捨有多麼的真所以愛有幾分這是你不停的疑問你的心裡對我有多認真何必執著在我的部份所以愛有幾分這是你永遠的疑問只有最後一切才有定論只有最後一切才有定論
Twinkle,"['閃光 閃光 你沒有看見嗎', '如果你作勝過你自己我便會讓你走', '即使當你很孤單', '即使當你很害怕', '有這些孤單 你也會好好的', '因為我們會引領你的路', '趕快 閃光 抓起 拍你的手吧', '打開你的心門迎接一個更好的明天', '他們全都像你 電影明星', '你不知道我們都是夢想家嗎?', '趕快 閃光 抓起拍 你的手吧', '他們都像你 電影明星']",閃光閃光你沒有看見嗎如果你作勝過你自己我便會讓你走即使當你很孤單即使當你很害怕有這些孤單你也會好好的因為我們會引領你的路趕快閃光抓起拍你的手吧打開你的心門迎接一個更好的明天他們全都像你電影明星你不知道我們都是夢想家嗎?趕快閃光抓起拍你的手吧他們都像你電影明星
精武門,"['預備起 行頭全部要帶齊 點名 準備 跟我上街去遊行', '小老弟 年輕耍酷那一丁點本領 洗耳恭聽 快卯起來學習', '大發善心 收徒弟 想要學習皮要繃緊 要跟我跟緊', '我有一條特別了不起的神經 越跳越帶勁', '無師自通任督二脈暢通無比 十八般武藝', '拎拎 聽說你想要報名 考慮 有沒有那根筋 我看一眼就搞定', '凡事都要照規定 精舞門裡什麼都ㄍ一ㄥ 不浪得虛名', '不能亂吃冰淇淋 矇眼睛 對待所有的敵人 都尊敬', '大半夜上床戴耳機 節奏當催眠的聲音 作夢都不停', '我有一條特別了不起的神經 越跳越帶勁', '無師自通任督二脈暢通無比 十八般武藝']",預備起行頭全部要帶齊點名準備跟我上街去遊行小老弟年輕耍酷那一丁點本領洗耳恭聽快卯起來學習大發善心收徒弟想要學習皮要繃緊要跟我跟緊我有一條特別了不起的神經越跳越帶勁無師自通任督二脈暢通無比十八般武藝拎拎聽說你想要報名考慮有沒有那根筋我看一眼就搞定凡事都要照規定精舞門裡什麼都ㄍ一ㄥ不浪得虛名不能亂吃冰淇淋矇眼睛對待所有的敵人都尊敬大半夜上床戴耳機節奏當催眠的聲音作夢都不停我有一條特別了不起的神經越跳越帶勁無師自通任督二脈暢通無比十八般武藝
幸福獵人,"['你就像迷人的蜂蜜 也許我想這樣吃掉你', '(我想佈下愛情陷阱 等待時機等你靠近)', '△我是真真真喜歡你', '你是超辣甜心 觸動反射神經 追你', '(我想把你吃定 拿出獵愛本領 追你)', '我是真真真喜歡你', '不要眼神飄移 假裝你不在意', '(雷達把愛鎖定 發射幸福愛你)△', '＊123456 秀出獵人電流', '123456 不想欲擒故縱', '★123456 秀出獵人電流', '123456 好朋友男朋友']",你就像迷人的蜂蜜也許我想這樣吃掉你(我想佈下愛情陷阱等待時機等你靠近)△我是真真真喜歡你你是超辣甜心觸動反射神經追你(我想把你吃定拿出獵愛本領追你)我是真真真喜歡你不要眼神飄移假裝你不在意(雷達把愛鎖定發射幸福愛你)△＊123456秀出獵人電流123456不想欲擒故縱★123456秀出獵人電流123456好朋友男朋友
完美型男,"['我想做最愛你的完美型男 全世界學不來＊', '△為了看你笑 我練習笑話幽默感覺', '為了內涵 我把世界名著全都看完', '以你為中心 太陽繞著月球旋轉', '為了陪你 我愛上溜狗週末不加班', '不靠鬍渣 肌肉配件項鍊討你心歡', '你真的快樂 是我唯一在乎的裝扮', '有你的愛 我就是完美的型男△']",我想做最愛你的完美型男全世界學不來＊△為了看你笑我練習笑話幽默感覺為了內涵我把世界名著全都看完以你為中心太陽繞著月球旋轉為了陪你我愛上溜狗週末不加班不靠鬍渣肌肉配件項鍊討你心歡你真的快樂是我唯一在乎的裝扮有你的愛我就是完美的型男△
好朋友(Ot：只要有你),"['像兩首節拍不同的歌 卻又同時被愛情合奏', '旋律勉強著', '愉快不能夠假裝快樂 你心中有寬闊的天空', '但空氣好稀薄', '△曾經以為等待會改變什麼 你總會屬於我', '但是最後時間證明了 你只喜歡我△', '＊你說我比較像你的好朋友 只是不小心擁抱著', '你道歉 你難過 於是我給你笑容', '誰在乎我的心 還會不會寂寞＊', '如果愛情是五線譜 我曾希望用全音符', '吟唱出 愛上你 那完整的幸福', '但你的心沒有耳朵 即使我為你唱著歌', '你也只看見我哭了', '你說過我是你最好的朋友 卻不應該再擁抱著', '你退縮 你冷漠 於是我放開雙手', '不在乎我的心 會永遠的寂寞']",像兩首節拍不同的歌卻又同時被愛情合奏旋律勉強著愉快不能夠假裝快樂你心中有寬闊的天空但空氣好稀薄△曾經以為等待會改變什麼你總會屬於我但是最後時間證明了你只喜歡我△＊你說我比較像你的好朋友只是不小心擁抱著你道歉你難過於是我給你笑容誰在乎我的心還會不會寂寞＊如果愛情是五線譜我曾希望用全音符吟唱出愛上你那完整的幸福但你的心沒有耳朵即使我為你唱著歌你也只看見我哭了你說過我是你最好的朋友卻不應該再擁抱著你退縮你冷漠於是我放開雙手不在乎我的心會永遠的寂寞
幾分,"['不管昨天 你對我說過了什麼', '今天的我還是依然 依然沉默', '兩個人生氣著 看著誰先捨不得', '何必這樣 來試探我們的緣份', '△不管昨天 我對你說過了什麼', '今天的你還是依然 依然自我', '問著要到什麼時候 才會覺得無法忍受', '難道這樣 才證明愛得有多深△', '＊所以愛有幾分 這是你不停的疑問', '你的心裡對我有多認真 何必執著在我的部份', '所以愛有幾分 這是你永遠的疑問', '只有最後 一切才有定論＊', '沒有值不值得 當失去了有什麼好爭', '就在轉身之後 我的不捨有多麼的真', '只有最後 一切才有定論']",不管昨天你對我說過了什麼今天的我還是依然依然沉默兩個人生氣著看著誰先捨不得何必這樣來試探我們的緣份△不管昨天我對你說過了什麼今天的你還是依然依然自我問著要到什麼時候才會覺得無法忍受難道這樣才證明愛得有多深△＊所以愛有幾分這是你不停的疑問你的心裡對我有多認真何必執著在我的部份所以愛有幾分這是你永遠的疑問只有最後一切才有定論＊沒有值不值得當失去了有什麼好爭就在轉身之後我的不捨有多麼的真只有最後一切才有定論
Twinkle(Feat.Kumi Koda),"['閃光 閃光 你沒有看見嗎', '如果你作勝過你自己我便會讓你走', '即使當你很孤單', '即使當你很害怕', '有這些孤單 你也會好好的', '因為我們會引領你的路', '趕快 閃光 抓起 拍你的手吧', '打開你的心門迎接一個更好的明天', '他們全都像你 電影明星', '你不知道我們都是夢想家嗎?', '趕快 閃光 抓起拍 你的手吧', '他們都像你 電影明星']",閃光閃光你沒有看見嗎如果你作勝過你自己我便會讓你走即使當你很孤單即使當你很害怕有這些孤單你也會好好的因為我們會引領你的路趕快閃光抓起拍你的手吧打開你的心門迎接一個更好的明天他們全都像你電影明星你不知道我們都是夢想家嗎?趕快閃光抓起拍你的手吧他們都像你電影明星
真命天子(& 蔡依林),"['眼神空白 心情顯得不好不壞', '你總是愛耍無賴', '感情世界一片空白', '想疼個女孩 除非發生意外', '沒有人說你不帥(快彩排)', '老天會替你安排 準備比賽', '遲早會找到真愛(急不來)', '當她向你走過來 別再發呆', '難怪 寂寞難耐容易作怪', '就算緣分不來 絕對不能承認失敗', '所謂看開 自我催眠自我交代', '就算節奏太快 也不能老是在狀況外', '通通閃開 真命天子換你來', '誰比你厲害 享受孤單不應該', '這一次讓你拽', '你永遠在狀況外', '就等你等你跟我說愛']",眼神空白心情顯得不好不壞你總是愛耍無賴感情世界一片空白想疼個女孩除非發生意外沒有人說你不帥(快彩排)老天會替你安排準備比賽遲早會找到真愛(急不來)當她向你走過來別再發呆難怪寂寞難耐容易作怪就算緣分不來絕對不能承認失敗所謂看開自我催眠自我交代就算節奏太快也不能老是在狀況外通通閃開真命天子換你來誰比你厲害享受孤單不應該這一次讓你拽你永遠在狀況外就等你等你跟我說愛
淘汰郎,"['一切的改變 我不能預見 蠢到極點', '你說了再見 卻哭花了你美麗的臉', '我對你的忽略', '你的不快樂從此就踢出你面前', '都是我不對', '愛的學分被你當掉不見', '淘汰郎就是你給我的失戀稱謂', '你說的 我做的 原來通不過考驗', '被你三振沒有怨言 都是我虧欠', '淘汰郎背號 已被愛寫了個殘念', '能不能讓我復活 最後最後一遍', '你說已經到了終點 愛已消失不見', '淘汰郎背號 已被愛寫了個殘念', '能不能讓我復活 最後最後一遍', '我的愛情到了終點 背著失敗下線']",一切的改變我不能預見蠢到極點你說了再見卻哭花了你美麗的臉我對你的忽略你的不快樂從此就踢出你面前都是我不對愛的學分被你當掉不見淘汰郎就是你給我的失戀稱謂你說的我做的原來通不過考驗被你三振沒有怨言都是我虧欠淘汰郎背號已被愛寫了個殘念能不能讓我復活最後最後一遍你說已經到了終點愛已消失不見淘汰郎背號已被愛寫了個殘念能不能讓我復活最後最後一遍我的愛情到了終點背著失敗下線
自我催眠,"['人群裡面那個我 把幸福遺落', '那曾經走過的路口 我停了你卻走', '我想捂住我的耳朵 聽不見你說', '愛就在此刻 鬆手分手放手', '我猜不透 不猜透 和你背對背的走', '原來怪我沒有', '沒有愛情的天份 你才要走', '我想要學會自我催眠 痛覺會少一些', '潛意識作祟 想著想到失眠', '我躺在沒有你的房間 寂寞更加明顯', '我漸漸的自我催眠 卻回不到從前', '等著紅燈那個我 還會向前走', '也許那幸福的執著 在下一個路口', '專屬鈴聲我還留著 卻靜靜沉默', '在我們之間 愛了放了散了', '我會不說 不想說 怕說了也沒有用', '現在我的幽默', '只是掩飾著心痛 我的難過', '我想要學會自我催眠 聰明再多一些', '潛意識作祟 想著想到失眠', '我走在沒有你的世界 卻走不到永遠', '我漸漸的自我催眠 慢慢閉上雙眼']",人群裡面那個我把幸福遺落那曾經走過的路口我停了你卻走我想捂住我的耳朵聽不見你說愛就在此刻鬆手分手放手我猜不透不猜透和你背對背的走原來怪我沒有沒有愛情的天份你才要走我想要學會自我催眠痛覺會少一些潛意識作祟想著想到失眠我躺在沒有你的房間寂寞更加明顯我漸漸的自我催眠卻回不到從前等著紅燈那個我還會向前走也許那幸福的執著在下一個路口專屬鈴聲我還留著卻靜靜沉默在我們之間愛了放了散了我會不說不想說怕說了也沒有用現在我的幽默只是掩飾著心痛我的難過我想要學會自我催眠聰明再多一些潛意識作祟想著想到失眠我走在沒有你的世界卻走不到永遠我漸漸的自我催眠慢慢閉上雙眼
嗆司嗆司,"['請多指教 美女', '五十億人 難得遇見了我 你運氣還不錯', '專情 我也不是 故意想要 推薦自己 放眼 沒人能比', '遠遠就看穿你 不溫馴 卻有一種魅力', '我不是痞 只是很有本事 有個性 能讓你動心', '想愛我的數不清 我想愛的是你', '我沒有那種等級 讓你滿意', '請多指教 美女', '一看見你 我就心神不寧 喔~ 我才不會忘記你', '他們 缺少溫柔 不夠幽默 沒有體力 不可能 跟我匹敵', '你是天生明星 只是我 也沒那麽容易', '愛不是遊戲 給我機會表現來讓你動心', '我的頭彩就是你 愛是高額獎金', '我只有這點本領 逗你開心', '有信心就要感動你 直到痛哭流涕', '現在就打開 最強 電力']",請多指教美女五十億人難得遇見了我你運氣還不錯專情我也不是故意想要推薦自己放眼沒人能比遠遠就看穿你不溫馴卻有一種魅力我不是痞只是很有本事有個性能讓你動心想愛我的數不清我想愛的是你我沒有那種等級讓你滿意請多指教美女一看見你我就心神不寧喔~我才不會忘記你他們缺少溫柔不夠幽默沒有體力不可能跟我匹敵你是天生明星只是我也沒那麽容易愛不是遊戲給我機會表現來讓你動心我的頭彩就是你愛是高額獎金我只有這點本領逗你開心有信心就要感動你直到痛哭流涕現在就打開最強電力
猛男日記,"['喔我的媽我的媽我的肌肉 長這麼大你來摸一摸', '喔我的媽我的媽我的光頭 理這麼光給你摸給你摸', '昨天舉重似乎做的不夠 怎麼今天內衣穿起來比較鬆', '隔壁的阿婆以為我不懂 跟我借醬油色瞇瞇偷看我', '出門的時候同一條母狗 一直聞我那強烈的荷爾蒙', '自從我練就胸前的乳溝 才懂女人的矛盾是為什麼', '喔我的媽我的媽我的肌肉 長這麼大你來摸一摸', '喔我的媽我的媽我的光頭 理這麼光給你摸給你摸', '我要每天都對自己說 加油 啊我最猛', '我要保護我的女朋友 就要一二一二左右左', '我要拯救我們的地球 加油 啊我最猛', '我也有 偉大的夢 只是受不了寂寞忍不住賣弄', '不要眼紅 不然扁我 誰說不會游泳不能到海邊吹風', '自從我擁有 光頭的回眸 男人覺得凶女人覺得 猛', '總有一天我會超越巔峰飛到天空然後做些什麼', '喔我的媽我的媽我的肌肉 長這麼大你說大不大', '喔我的媽我的媽我的光頭 理這麼光光不光光不光', '一覺醒來發現我還是那個瘦皮猴 虛胖的瘦皮猴想當孫悟空', '它找很多藉口 沒有時間運動 只有時間做夢 夢裡的它比較猛', '回到現實生活 感嘆許多不同 不只那些肌肉也不只那粒光頭', '可笑的浪漫少了自戀的小丑 冷淡的街頭多了無能的英雄']",喔我的媽我的媽我的肌肉長這麼大你來摸一摸喔我的媽我的媽我的光頭理這麼光給你摸給你摸昨天舉重似乎做的不夠怎麼今天內衣穿起來比較鬆隔壁的阿婆以為我不懂跟我借醬油色瞇瞇偷看我出門的時候同一條母狗一直聞我那強烈的荷爾蒙自從我練就胸前的乳溝才懂女人的矛盾是為什麼喔我的媽我的媽我的肌肉長這麼大你來摸一摸喔我的媽我的媽我的光頭理這麼光給你摸給你摸我要每天都對自己說加油啊我最猛我要保護我的女朋友就要一二一二左右左我要拯救我們的地球加油啊我最猛我也有偉大的夢只是受不了寂寞忍不住賣弄不要眼紅不然扁我誰說不會游泳不能到海邊吹風自從我擁有光頭的回眸男人覺得凶女人覺得猛總有一天我會超越巔峰飛到天空然後做些什麼喔我的媽我的媽我的肌肉長這麼大你說大不大喔我的媽我的媽我的光頭理這麼光光不光光不光一覺醒來發現我還是那個瘦皮猴虛胖的瘦皮猴想當孫悟空它找很多藉口沒有時間運動只有時間做夢夢裡的它比較猛回到現實生活感嘆許多不同不只那些肌肉也不只那粒光頭可笑的浪漫少了自戀的小丑冷淡的街頭多了無能的英雄
機器娃娃,"['我回到未來 還沒星際大戰 長生不老的仙丹一粒20塊', '死了可以耍賴 除非你被撞爛 趕快撿一塊皮 還有復活六百', '葬儀社都關起來 沒有人會用棺材 我已經四百零四歲還在跳地板', '轉 轉轉頭轉 轉到頭斷 來去復活六百 復活一次六百塊', '我又回到未來 開始人滿為患 規定活到五百歲一定要掰掰', '要不然 不能生小孩 不能搶飯碗 超過五百歲又不敢死的只能要飯', '人犯抓去關 有八次死刑可以判 英雄偉人為國爭光還有免死金牌', '我再回到未來 死不死都無奈 地球變成一個超級垃圾袋', '＊我們怎麼這麼有膽 有沒有愛 我們還想扮演上帝 怎麼辦', '我們怎麼這麼有膽 有沒有愛 我們繼續這樣演化 怎麼辦', '我愛上機器娃娃 說明書上有用法 我要把她帶回家 啦啦啦啦啦啦', '我愛上機器娃娃 她頭上插螺旋槳 我們要飛到天上 啦啦啦啦啦啦', '不用出門買賣 大家都是天才 沒有笨蛋的大自然真是超自然', '我再回到未來 病毒已經氾濫 細菌開始傳染 動物開始變態', '躲在家裡逃難 開罐頭有波菜 我們活在一個高科技的摩登時代', '擺擺臀 你叫我擺擺臀 可是我的腰身方方正正', '你要我叫哥哥 我乖乖叫哥哥 我還會邊叫哥哥邊唱歌', '不需要電池的 我吃的是太陽能 我的頭裝了一個紅綠燈', '你要我收垃圾 我不只會收垃圾 我還會表演垃圾肚裡吞', '＃這一切的一切太荒謬 我一天過一天這麼過', '過一關又一關的電動 我一步又一步被遙控', '我愛上機器娃娃 我能愛機器娃娃 那一天我的生活 只剩一個視窗', '我愛上機器娃娃 我能愛機器娃娃 我感到一陣冰涼 她不會叫媽媽']",我回到未來還沒星際大戰長生不老的仙丹一粒20塊死了可以耍賴除非你被撞爛趕快撿一塊皮還有復活六百葬儀社都關起來沒有人會用棺材我已經四百零四歲還在跳地板轉轉轉頭轉轉到頭斷來去復活六百復活一次六百塊我又回到未來開始人滿為患規定活到五百歲一定要掰掰要不然不能生小孩不能搶飯碗超過五百歲又不敢死的只能要飯人犯抓去關有八次死刑可以判英雄偉人為國爭光還有免死金牌我再回到未來死不死都無奈地球變成一個超級垃圾袋＊我們怎麼這麼有膽有沒有愛我們還想扮演上帝怎麼辦我們怎麼這麼有膽有沒有愛我們繼續這樣演化怎麼辦我愛上機器娃娃說明書上有用法我要把她帶回家啦啦啦啦啦啦我愛上機器娃娃她頭上插螺旋槳我們要飛到天上啦啦啦啦啦啦不用出門買賣大家都是天才沒有笨蛋的大自然真是超自然我再回到未來病毒已經氾濫細菌開始傳染動物開始變態躲在家裡逃難開罐頭有波菜我們活在一個高科技的摩登時代擺擺臀你叫我擺擺臀可是我的腰身方方正正你要我叫哥哥我乖乖叫哥哥我還會邊叫哥哥邊唱歌不需要電池的我吃的是太陽能我的頭裝了一個紅綠燈你要我收垃圾我不只會收垃圾我還會表演垃圾肚裡吞＃這一切的一切太荒謬我一天過一天這麼過過一關又一關的電動我一步又一步被遙控我愛上機器娃娃我能愛機器娃娃那一天我的生活只剩一個視窗我愛上機器娃娃我能愛機器娃娃我感到一陣冰涼她不會叫媽媽
戀愛達人(& 小S),['豬頭才會一直玩遊戲 耍心機'],豬頭才會一直玩遊戲耍心機
給你管,"['只要我出現美女就在身邊打轉 羨慕的嫉妒的眼神來不及去算', '別以為我會興奮到滿身都是汗 沒有愛愈熱鬧心裡反而孤單', '沒想到遇見你之後心就被打亂 我想要故作堅強手腳不聽使喚', '你的一個笑比飛彈發射還震撼 第一次有一種棋逢對手的快感', '別說我太愛玩 碰到你我變得簡單', '以前的都不算 我把心交給你保管', '要不然 吃飯要給你管 睡覺要給你管 走路要給你管 說話要給你管', '快樂要給你管 悲傷要給你管 帳單要給你管 存褶我自己管', '我很難管 你給我管 都給你管 你管不管 (*2)', '吃飯要給你管 睡覺要給你管 走路要給你管 說話要給你管', '快樂要給你管 悲傷要給你管 都給你管 你管不管']",只要我出現美女就在身邊打轉羨慕的嫉妒的眼神來不及去算別以為我會興奮到滿身都是汗沒有愛愈熱鬧心裡反而孤單沒想到遇見你之後心就被打亂我想要故作堅強手腳不聽使喚你的一個笑比飛彈發射還震撼第一次有一種棋逢對手的快感別說我太愛玩碰到你我變得簡單以前的都不算我把心交給你保管要不然吃飯要給你管睡覺要給你管走路要給你管說話要給你管快樂要給你管悲傷要給你管帳單要給你管存褶我自己管我很難管你給我管都給你管你管不管(*2)吃飯要給你管睡覺要給你管走路要給你管說話要給你管快樂要給你管悲傷要給你管都給你管你管不管
小丑魚,"['我在你身邊 游來游去 我不敢出聲 看著他親吻你 眼不能閉', '看你的唇印 還在那裡 你隔著玻璃 所以聽不見 我在嘆息', '說不出口的秘密 永遠活在小小的世界裡', '僅存一點稀薄的氧氣 是否夠我繼續撐下去', '這件脫不下來的外衣 還是你喜歡的橘', '我不能確定 是否你曾經注意 我的眼淚留在透明的水裡', '發不出聲音的感慨 選擇作朋友的無奈', '只要你偶爾想起來 我就住在那片海', '等我轉過身 看妳眼神 才知道自己 想得太過天真 傷得太深', '愛來的時候 劃破沉悶 我早該知道 妳終究不是我 該愛的人', '黑暗中兩眼無神 夜裡不再為我開盞燈', '始終不敢將愛說出口 當然沒有資格去競爭', '戀愛和失戀同時發生 怪自己枉費青春', '我輸得徹底 把臉深埋在水裡面 卻還要演好這一場戲', '那片海 眼看就要讓我愈來愈遠 回不來', '從此 你的不愉快 那麼遙遠 誰聽你埋怨', '我在你身邊 給你一點點愉快就 會心甘情願回到大海', '發不出聲音的感慨 選擇作朋友的無奈', '只要你偶爾想起來 我就住在那片海 那片海']",我在你身邊游來游去我不敢出聲看著他親吻你眼不能閉看你的唇印還在那裡你隔著玻璃所以聽不見我在嘆息說不出口的秘密永遠活在小小的世界裡僅存一點稀薄的氧氣是否夠我繼續撐下去這件脫不下來的外衣還是你喜歡的橘我不能確定是否你曾經注意我的眼淚留在透明的水裡發不出聲音的感慨選擇作朋友的無奈只要你偶爾想起來我就住在那片海等我轉過身看妳眼神才知道自己想得太過天真傷得太深愛來的時候劃破沉悶我早該知道妳終究不是我該愛的人黑暗中兩眼無神夜裡不再為我開盞燈始終不敢將愛說出口當然沒有資格去競爭戀愛和失戀同時發生怪自己枉費青春我輸得徹底把臉深埋在水裡面卻還要演好這一場戲那片海眼看就要讓我愈來愈遠回不來從此你的不愉快那麼遙遠誰聽你埋怨我在你身邊給你一點點愉快就會心甘情願回到大海發不出聲音的感慨選擇作朋友的無奈只要你偶爾想起來我就住在那片海那片海
咕嚕雞,"['＊咕嚕咕嚕叫 咕嚕咕嚕叫 咕嚕咕嚕叫 咕嚕咕嚕叫', '咕嚕咕嚕叫 咕嚕咕嚕叫 不要變成一隻雞 好不好 (＊2)', '我家的屋頂 住著一隻公雞 一大早就啼 不是叫人早起', '雞眼睛瞇瞇 臭屁的要命 一直囉哩八唆炫耀毛之類的東西', '自以為得意 走路也要放屁 我等著看你 有天跩到抽筋', '看不起別人 也瞧瞧自己 還真的是目中無人的雞', '＃你的舉動能不能不要 太驕傲 你的尾椎能不能不要 翹太高', '你的心眼能不能不要 那麼小 你的嘴巴能不能不要 那麼吵', '△咕嚕咕嚕叫 咕嚕咕嚕叫 咕嚕咕嚕叫 咕嚕咕嚕叫', '咕嚕咕嚕叫 咕嚕咕嚕叫 我就快被搞到受不了', '咕嚕咕嚕叫 咕嚕咕嚕叫 咕嚕咕嚕叫 咕嚕咕嚕叫', '咕嚕咕嚕叫 咕嚕咕嚕叫 你這隻永遠都不會飛的鳥', '我家的隔壁 聽說也有隻雞 隔壁的隔壁 聽說有２隻雞', '乾脆組個團 叫做物以類雞 省得比較自己屁股跟了幾隻小雞', '一肚子妙計 圍在一起算計 滿腦子心機 圍在一起談心', '把人當白癡 還要我相信 說什麼人話 你是我兄弟', '哼 哼 嘿嘿 嗚嗚 哼 哼 嘿嘿 嗚嗚', '哼 哼 嘿嘿 嗚嗚 哼 哼 嘿嘿 嗚鳴', '愛假 愛假 別裝模作樣 你有幾斤兩 誰不知道', '叫吧 叫吧 不要再囂張 有一天拔毛 我等著笑', '愛假 愛假 別裝模作樣 雞就是雞了 你不要怕', '叫吧 叫吧 不要再囂張 有一天下鍋 油會很燙', '咕嚕咕嚕叫 咕嚕咕嚕叫 咕嚕咕嚕叫 咕嚕咕嚕叫', '咕嚕咕嚕叫 咕嚕咕嚕叫 不要變成一隻雞 好不好', '咕嚕咕嚕叫 咕嚕咕嚕叫 咕嚕咕嚕叫 咕嚕咕嚕叫', '咕嚕咕嚕叫 咕嚕咕嚕叫 我不要變成一隻雞 好不好']",＊咕嚕咕嚕叫咕嚕咕嚕叫咕嚕咕嚕叫咕嚕咕嚕叫咕嚕咕嚕叫咕嚕咕嚕叫不要變成一隻雞好不好(＊2)我家的屋頂住著一隻公雞一大早就啼不是叫人早起雞眼睛瞇瞇臭屁的要命一直囉哩八唆炫耀毛之類的東西自以為得意走路也要放屁我等著看你有天跩到抽筋看不起別人也瞧瞧自己還真的是目中無人的雞＃你的舉動能不能不要太驕傲你的尾椎能不能不要翹太高你的心眼能不能不要那麼小你的嘴巴能不能不要那麼吵△咕嚕咕嚕叫咕嚕咕嚕叫咕嚕咕嚕叫咕嚕咕嚕叫咕嚕咕嚕叫咕嚕咕嚕叫我就快被搞到受不了咕嚕咕嚕叫咕嚕咕嚕叫咕嚕咕嚕叫咕嚕咕嚕叫咕嚕咕嚕叫咕嚕咕嚕叫你這隻永遠都不會飛的鳥我家的隔壁聽說也有隻雞隔壁的隔壁聽說有２隻雞乾脆組個團叫做物以類雞省得比較自己屁股跟了幾隻小雞一肚子妙計圍在一起算計滿腦子心機圍在一起談心把人當白癡還要我相信說什麼人話你是我兄弟哼哼嘿嘿嗚嗚哼哼嘿嘿嗚嗚哼哼嘿嘿嗚嗚哼哼嘿嘿嗚鳴愛假愛假別裝模作樣你有幾斤兩誰不知道叫吧叫吧不要再囂張有一天拔毛我等著笑愛假愛假別裝模作樣雞就是雞了你不要怕叫吧叫吧不要再囂張有一天下鍋油會很燙咕嚕咕嚕叫咕嚕咕嚕叫咕嚕咕嚕叫咕嚕咕嚕叫咕嚕咕嚕叫咕嚕咕嚕叫不要變成一隻雞好不好咕嚕咕嚕叫咕嚕咕嚕叫咕嚕咕嚕叫咕嚕咕嚕叫咕嚕咕嚕叫咕嚕咕嚕叫我不要變成一隻雞好不好
瞎攪和,"['不懂 企鵝們都怎麼行走 東倒西歪對妳跟蹤 我已全年無休的狂熱', '＃超人能不能幫幫我 賞我一身顏色 讓妳誰不愛除了我 唯一的執著', '我就要開始瞎攪和 妳值得我失控 摘下的星座 通通讓妳選口紅', '我就要開始瞎攪和 把妳當心臟用 誰叫妳和我 已經愛進了時空', '怎麼 生活變成大時鐘 每天倒數等妳行蹤 誰又會幸福比我還多', '不懂 流星飛過怎麼匆匆 地心引力我不能動 妳的眼睛誰忍心遠走']",不懂企鵝們都怎麼行走東倒西歪對妳跟蹤我已全年無休的狂熱＃超人能不能幫幫我賞我一身顏色讓妳誰不愛除了我唯一的執著我就要開始瞎攪和妳值得我失控摘下的星座通通讓妳選口紅我就要開始瞎攪和把妳當心臟用誰叫妳和我已經愛進了時空怎麼生活變成大時鐘每天倒數等妳行蹤誰又會幸福比我還多不懂流星飛過怎麼匆匆地心引力我不能動妳的眼睛誰忍心遠走
Show time,"['今夜の俺 皆 分かってない 俺は台湾代表だってな', 'ここを ロック クロック  みなもう始まるぞ', '手挙げな  ほら 手挙げな けなげなヤツはもう どきな', '確かな 幻覚 見る ブリン ブリン 楽しい つまんない? 楽しんだろう?', '我知道你嫉妒我 但是除了比我醜 你還有什麼贏過我', '看看我的舌頭 親過的馬子比你多 也比你快唷', '甘工哩歌攏恩栽 現在流行什麼', '過去的歌都一樣 我們叫它芭樂', '現在的歌快一樣 全部換成碎碎唸', '＊', '我的汗流有了幾斤 我一直動一直動不停', '跟著我一起深呼吸 我要繼續直到沒氣', '喔~ 耶...', '叮叮~這個大鼓 叮叮~這個小鼓', '我的爸媽 就已經比你強 誰要跟我尬呀 誰要跟我尬', '免驚 別這麼瞎 跟著我的拍子 把頭點到變傻瓜', '你的褲子是夠垮 只要你不要皮皮ㄘㄨㄚˋ']",今夜の俺皆分かってない俺は台湾代表だってなここをロッククロックみなもう始まるぞ手挙げなほら手挙げなけなげなヤツはもうどきな確かな幻覚見るブリンブリン楽しいつまんない?楽しんだろう?我知道你嫉妒我但是除了比我醜你還有什麼贏過我看看我的舌頭親過的馬子比你多也比你快唷甘工哩歌攏恩栽現在流行什麼過去的歌都一樣我們叫它芭樂現在的歌快一樣全部換成碎碎唸＊我的汗流有了幾斤我一直動一直動不停跟著我一起深呼吸我要繼續直到沒氣喔~耶...叮叮~這個大鼓叮叮~這個小鼓我的爸媽就已經比你強誰要跟我尬呀誰要跟我尬免驚別這麼瞎跟著我的拍子把頭點到變傻瓜你的褲子是夠垮只要你不要皮皮ㄘㄨㄚˋ
漫無目的,"['我的眼睛完全沒有焦距 我的鼻孔忘了怎麼呼吸', '我的衣服忘了怎麼整理 漫無目的 想著你', '我的肌肉萎縮去了哪裡 我又語無倫次口齒不清', '我的思考開始沒有邏輯 漫無目的 都是你', '我的眼睛完全沒有焦距 我的鼻孔忘了怎麼呼吸', '我的衣服忘了怎麼整理 漫無目的 想著你', '我的肌肉萎縮去了哪裡 我又語無倫次口齒不清', '我的思考開始沒有邏輯 漫無目的 都是你', '原來愛情不是遊戲 碰到你換我被修理', '只是我似乎又樂意隨時隨地舉白旗', '原來愛情如此神奇 癱瘓我的所有神經', '只剩我的生理反應一直持續在進行']",我的眼睛完全沒有焦距我的鼻孔忘了怎麼呼吸我的衣服忘了怎麼整理漫無目的想著你我的肌肉萎縮去了哪裡我又語無倫次口齒不清我的思考開始沒有邏輯漫無目的都是你我的眼睛完全沒有焦距我的鼻孔忘了怎麼呼吸我的衣服忘了怎麼整理漫無目的想著你我的肌肉萎縮去了哪裡我又語無倫次口齒不清我的思考開始沒有邏輯漫無目的都是你原來愛情不是遊戲碰到你換我被修理只是我似乎又樂意隨時隨地舉白旗原來愛情如此神奇癱瘓我的所有神經只剩我的生理反應一直持續在進行
沒有妳,"['我把回憶關進房間 眼前不斷浮現 有你陪我所有畫面', '朋友說我變的沉默 變的有些難過 鄰居都聽見了寂寞', '也許時間給的太少 沒有珍惜你的好', '城市太喧鬧 你沒有聽到 我不該把手放掉', '沒有了你 沒有愛情 什麼都已經是空氣', '這些沒有你的日子 沒有了自己', '沒有了你 沒有力氣 孤單香水卻來襲', '我想念你身上氣味 請給我 相互擁抱的機會', '你離開後我才明瞭 幸福已經溜掉 你也許都不會知道', '也許時間給的太少 沒有珍惜你的好', '城市太喧鬧 你沒有聽到 我不該把手放掉', '沒有了你 沒有愛情 什麼都已經是空氣', '這些沒有你的日子 沒有了自己', '沒有了你 沒有力氣 孤單香水卻來襲', '我想念你身上氣味 請給我 相互擁抱的機會', '愛情如果都是微笑 那多美好 天亮的太早', '再偷一秒 想你的笑 想聽你吵 才發現思念發酵 耶~', '沒有了你 沒有愛情 什麼都已經是空氣', '這些沒有你的日子 沒有了自己', '沒有了你 沒有力氣 孤單香水卻來襲', '我想念你身上氣味 請給我 相互擁抱的機會']",我把回憶關進房間眼前不斷浮現有你陪我所有畫面朋友說我變的沉默變的有些難過鄰居都聽見了寂寞也許時間給的太少沒有珍惜你的好城市太喧鬧你沒有聽到我不該把手放掉沒有了你沒有愛情什麼都已經是空氣這些沒有你的日子沒有了自己沒有了你沒有力氣孤單香水卻來襲我想念你身上氣味請給我相互擁抱的機會你離開後我才明瞭幸福已經溜掉你也許都不會知道也許時間給的太少沒有珍惜你的好城市太喧鬧你沒有聽到我不該把手放掉沒有了你沒有愛情什麼都已經是空氣這些沒有你的日子沒有了自己沒有了你沒有力氣孤單香水卻來襲我想念你身上氣味請給我相互擁抱的機會愛情如果都是微笑那多美好天亮的太早再偷一秒想你的笑想聽你吵才發現思念發酵耶~沒有了你沒有愛情什麼都已經是空氣這些沒有你的日子沒有了自己沒有了你沒有力氣孤單香水卻來襲我想念你身上氣味請給我相互擁抱的機會
敢不敢,"['愛的世界總在迎接許多意外 你那麼ㄍ一ㄥ 像在 拓荒的時代', '迷了路的你 倔強的女孩', '敢不敢 和我 玩一場 單挑的 愛情決戰', '我的規則其實很簡單 就只有 你~喜不喜歡 快選擇答案', '敢不敢 到我的懷 敢不敢 讓你自己被 疼愛', '敢不敢 和我 玩一場 單挑的 愛情決戰', '就像刺激的 俄羅斯輪盤 好奇嗎', '我的規則其實很簡單 就只有 你~喜不喜歡 快選擇答案', '敢不敢 到我的懷 敢不敢 讓你自己被 疼愛', '把你的想法說出來 別隱瞞 你的期待', '你敢不敢 愛我的壞 (一種讓你快樂的壞)', '敢不敢 讓你自己 被疼愛 (你值得被疼愛)', '敢不敢 到我的懷 敢不敢 讓你自己被 疼愛', '你敢不敢 戀愛']",愛的世界總在迎接許多意外你那麼ㄍ一ㄥ像在拓荒的時代迷了路的你倔強的女孩敢不敢和我玩一場單挑的愛情決戰我的規則其實很簡單就只有你~喜不喜歡快選擇答案敢不敢到我的懷敢不敢讓你自己被疼愛敢不敢和我玩一場單挑的愛情決戰就像刺激的俄羅斯輪盤好奇嗎我的規則其實很簡單就只有你~喜不喜歡快選擇答案敢不敢到我的懷敢不敢讓你自己被疼愛把你的想法說出來別隱瞞你的期待你敢不敢愛我的壞(一種讓你快樂的壞)敢不敢讓你自己被疼愛(你值得被疼愛)敢不敢到我的懷敢不敢讓你自己被疼愛你敢不敢戀愛
狐狸精,"['不要以為我沒發現 你又偷偷跑去跟她見面', '不要問我什麼意見 你的眼神明明就是有鬼', '我的警告這是最後一遍 如果你還一樣不知檢點', '跟那隻狐狸精閃一邊離開我的視線', '男:', '又怎麼了我的大小姐(不必諂媚) 我不過是去喝杯咖啡(鬼話連篇)', '電話不接還擺張臭臉(看你表現) 你不要又來藉題發揮', '女:', '狐狸精她太不要臉 陰魂不散真的 討厭(會嗎)', '走在路上不管是誰她都一樣亂拋 媚眼(怎樣)', '我的警告這是最後一遍 如果你要分手我也隨便', '你最好快認錯快道歉 不要再裝可憐', '男:', '不要再拿分手當威脅(誰又怕誰) 整天把狐狸精掛嘴邊(是她犯賤)', '反省一下是你小心眼(你不要臉) 還是嫉妒她比你更美', '去 所以我每次跟朋友吃完飯即使是男生 我也懶得說出來', '你說你應不應該習慣改一改 或者我就不再耍賴不耐煩', '然後你多學學別人怎麼撒嬌一張嘴巴碎碎唸這麼快 趕著去投胎啊', '女:', '她以為她自己很美 男人看了都會為她心碎(有嗎)', '我是越看越不順眼 你到底要站在誰那一邊(中間)', '我的警告這是最後一遍 如果你還一樣不知檢點', '跟那隻狐狸精閃一邊離開我的視線', '男:', '實在會氣到七竅生煙(算你倒楣) 只想要直接給你一拳(你想的美)', '丟到外太空去吃大便(你豬八戒) 眼不見為淨比較乾脆', '女:', '狐狸精狐狸精狐狸精真是討厭 狐狸精狐狸精狐狸精快滾一邊', '狐狸精狐狸精我就是看不順眼 狐狸精狐狸精狐狸精我最討厭', '啊~', '賣擱碎碎唸 賣擱碎碎唸(哼) 賣擱碎碎唸 賣擱碎碎唸(哼)', '賣擱碎碎唸 賣擱碎碎唸(啊~) 賣擱碎碎唸 我無想要聽(阿答)']",不要以為我沒發現你又偷偷跑去跟她見面不要問我什麼意見你的眼神明明就是有鬼我的警告這是最後一遍如果你還一樣不知檢點跟那隻狐狸精閃一邊離開我的視線男:又怎麼了我的大小姐(不必諂媚)我不過是去喝杯咖啡(鬼話連篇)電話不接還擺張臭臉(看你表現)你不要又來藉題發揮女:狐狸精她太不要臉陰魂不散真的討厭(會嗎)走在路上不管是誰她都一樣亂拋媚眼(怎樣)我的警告這是最後一遍如果你要分手我也隨便你最好快認錯快道歉不要再裝可憐男:不要再拿分手當威脅(誰又怕誰)整天把狐狸精掛嘴邊(是她犯賤)反省一下是你小心眼(你不要臉)還是嫉妒她比你更美去所以我每次跟朋友吃完飯即使是男生我也懶得說出來你說你應不應該習慣改一改或者我就不再耍賴不耐煩然後你多學學別人怎麼撒嬌一張嘴巴碎碎唸這麼快趕著去投胎啊女:她以為她自己很美男人看了都會為她心碎(有嗎)我是越看越不順眼你到底要站在誰那一邊(中間)我的警告這是最後一遍如果你還一樣不知檢點跟那隻狐狸精閃一邊離開我的視線男:實在會氣到七竅生煙(算你倒楣)只想要直接給你一拳(你想的美)丟到外太空去吃大便(你豬八戒)眼不見為淨比較乾脆女:狐狸精狐狸精狐狸精真是討厭狐狸精狐狸精狐狸精快滾一邊狐狸精狐狸精我就是看不順眼狐狸精狐狸精狐狸精我最討厭啊~賣擱碎碎唸賣擱碎碎唸(哼)賣擱碎碎唸賣擱碎碎唸(哼)賣擱碎碎唸賣擱碎碎唸(啊~)賣擱碎碎唸我無想要聽(阿答)
你是誰,"['不要讓我一直追 一直一直追 不上讓我一直缺 一直一直缺', '缺了一個人來陪 缺了一個人來黏 我的房間空的可憐', '小狗大狗在交配 一直一直吠 小狗大狗養一堆 比不上妹妹', '我的浪漫和體貼 我的俊美和智慧 都浪費 涼了半截', '不要讓我一直追 一直一直追 不上讓我一直缺 一直一直缺', '缺了那個我的誰 等著我的那個誰 哪一天他才會出現', '一天送一朵玫瑰 夾在你耳邊 一天種一個草莓 在你的指間', '幸運的寶貝是誰 我已經準備齊全 你是誰 請快點出現', '我要帶你一起飛 帶你跟我一起飛 轉一圈', '又一圈 當神仙(無時無刻都來嘴對嘴)', '我要告訴全世界 我要給你全世界 每一天', '我的天太完美(我的那個你 是誰是誰)']",不要讓我一直追一直一直追不上讓我一直缺一直一直缺缺了一個人來陪缺了一個人來黏我的房間空的可憐小狗大狗在交配一直一直吠小狗大狗養一堆比不上妹妹我的浪漫和體貼我的俊美和智慧都浪費涼了半截不要讓我一直追一直一直追不上讓我一直缺一直一直缺缺了那個我的誰等著我的那個誰哪一天他才會出現一天送一朵玫瑰夾在你耳邊一天種一個草莓在你的指間幸運的寶貝是誰我已經準備齊全你是誰請快點出現我要帶你一起飛帶你跟我一起飛轉一圈又一圈當神仙(無時無刻都來嘴對嘴)我要告訴全世界我要給你全世界每一天我的天太完美(我的那個你是誰是誰)
Only you ～Japanese Version～,"['二十四時間そばにいて', '演じわけてみせるよ', '細い足 組み替えて', '無意識に 作る笑顔', 'お願いもう 惑わせないで', '僕は君のものだから', 'どうして欲しいの僕に', '無茶でも どんな望みも', '今すぐに 叶えてみせるから', '唇に 指をあて', '内緒よと 罪な笑顔', '完全に 操られてる', '傷ついてもかまわない', '愚かな奴と噂しても', '僕は君のものだから', '只要24小時陪伴在你身邊', '你美麗的雙腿 在交替之間', '總讓我無意識地泛起了微笑', '拜託不要再使我分神', '我已經完全屬於你', '為什麼你想要的是我呢', '任性也好不管什麼樣的願望現在馬上', '實現它讓你看到', '你輕觸嘴唇', '“秘密喔”露出犯罪般的笑容', '完完全全被你操控', '就算受傷也不在乎', '評判我是個愚笨的奴隸', '我已經完全屬於你']",二十四時間そばにいて演じわけてみせるよ細い足組み替えて無意識に作る笑顔お願いもう惑わせないで僕は君のものだからどうして欲しいの僕に無茶でもどんな望みも今すぐに叶えてみせるから唇に指をあて内緒よと罪な笑顔完全に操られてる傷ついてもかまわない愚かな奴と噂しても僕は君のものだから只要24小時陪伴在你身邊你美麗的雙腿在交替之間總讓我無意識地泛起了微笑拜託不要再使我分神我已經完全屬於你為什麼你想要的是我呢任性也好不管什麼樣的願望現在馬上實現它讓你看到你輕觸嘴唇“秘密喔”露出犯罪般的笑容完完全全被你操控就算受傷也不在乎評判我是個愚笨的奴隸我已經完全屬於你
